"rowname","MeanDecreaseGini","Rank","StudyModel","BaseModel"
"Clostridium_clostridioforme",5.25895680997693,4,"PRJDB4176","PRJEB27928"
"Parvimonas_unclassified",6.80343161261109,3,"PRJDB4176","PRJEB27928"
"Anaerotruncus_unclassified",11.3264453110007,1,"PRJDB4176","PRJEB27928"
"Parvimonas_micra",2.59467262196819,9,"PRJDB4176","PRJEB27928"
"Solobacterium_moorei",8.30416023677781,2,"PRJDB4176","PRJEB27928"
"Peptostreptococcus_stomatis",2.80155698183893,7,"PRJDB4176","PRJEB27928"
"Gemella_morbillorum",2.69393798171106,8,"PRJDB4176","PRJEB27928"
"Ruminococcus_albus",5.04684614815981,5,"PRJDB4176","PRJEB27928"
"Clostridium_symbiosum",4.25000858413738,6,"PRJDB4176","PRJEB27928"
"Porphyromonas_asaccharolytica",2.23761863925318,10,"PRJDB4176","PRJEB27928"
"Clostridium_clostridioforme",5.25895680997693,4,"ZellerG_2014","PRJEB27928"
"Parvimonas_unclassified",6.80343161261109,3,"ZellerG_2014","PRJEB27928"
"Anaerotruncus_unclassified",11.3264453110007,1,"ZellerG_2014","PRJEB27928"
"Parvimonas_micra",2.59467262196819,9,"ZellerG_2014","PRJEB27928"
"Solobacterium_moorei",8.30416023677781,2,"ZellerG_2014","PRJEB27928"
"Peptostreptococcus_stomatis",2.80155698183893,7,"ZellerG_2014","PRJEB27928"
"Gemella_morbillorum",2.69393798171106,8,"ZellerG_2014","PRJEB27928"
"Ruminococcus_albus",5.04684614815981,5,"ZellerG_2014","PRJEB27928"
"Clostridium_symbiosum",4.25000858413738,6,"ZellerG_2014","PRJEB27928"
"Porphyromonas_asaccharolytica",2.23761863925318,10,"ZellerG_2014","PRJEB27928"
"Clostridium_clostridioforme",5.25895680997693,4,"YuJ_2015","PRJEB27928"
"Parvimonas_unclassified",6.80343161261109,3,"YuJ_2015","PRJEB27928"
"Anaerotruncus_unclassified",11.3264453110007,1,"YuJ_2015","PRJEB27928"
"Parvimonas_micra",2.59467262196819,9,"YuJ_2015","PRJEB27928"
"Solobacterium_moorei",8.30416023677781,2,"YuJ_2015","PRJEB27928"
"Peptostreptococcus_stomatis",2.80155698183893,7,"YuJ_2015","PRJEB27928"
"Gemella_morbillorum",2.69393798171106,8,"YuJ_2015","PRJEB27928"
"Ruminococcus_albus",5.04684614815981,5,"YuJ_2015","PRJEB27928"
"Clostridium_symbiosum",4.25000858413738,6,"YuJ_2015","PRJEB27928"
"Porphyromonas_asaccharolytica",2.23761863925318,10,"YuJ_2015","PRJEB27928"
"Clostridium_clostridioforme",5.25895680997693,4,"VogtmannE_2016","PRJEB27928"
"Parvimonas_unclassified",6.80343161261109,3,"VogtmannE_2016","PRJEB27928"
"Anaerotruncus_unclassified",11.3264453110007,1,"VogtmannE_2016","PRJEB27928"
"Parvimonas_micra",2.59467262196819,9,"VogtmannE_2016","PRJEB27928"
"Solobacterium_moorei",8.30416023677781,2,"VogtmannE_2016","PRJEB27928"
"Peptostreptococcus_stomatis",2.80155698183893,7,"VogtmannE_2016","PRJEB27928"
"Gemella_morbillorum",2.69393798171106,8,"VogtmannE_2016","PRJEB27928"
"Ruminococcus_albus",5.04684614815981,5,"VogtmannE_2016","PRJEB27928"
"Clostridium_symbiosum",4.25000858413738,6,"VogtmannE_2016","PRJEB27928"
"Porphyromonas_asaccharolytica",2.23761863925318,10,"VogtmannE_2016","PRJEB27928"
"Clostridium_clostridioforme",5.25895680997693,4,"ThomasAM_2018b","PRJEB27928"
"Parvimonas_unclassified",6.80343161261109,3,"ThomasAM_2018b","PRJEB27928"
"Anaerotruncus_unclassified",11.3264453110007,1,"ThomasAM_2018b","PRJEB27928"
"Parvimonas_micra",2.59467262196819,9,"ThomasAM_2018b","PRJEB27928"
"Solobacterium_moorei",8.30416023677781,2,"ThomasAM_2018b","PRJEB27928"
"Peptostreptococcus_stomatis",2.80155698183893,7,"ThomasAM_2018b","PRJEB27928"
"Gemella_morbillorum",2.69393798171106,8,"ThomasAM_2018b","PRJEB27928"
"Ruminococcus_albus",5.04684614815981,5,"ThomasAM_2018b","PRJEB27928"
"Clostridium_symbiosum",4.25000858413738,6,"ThomasAM_2018b","PRJEB27928"
"Porphyromonas_asaccharolytica",2.23761863925318,10,"ThomasAM_2018b","PRJEB27928"
"Clostridium_clostridioforme",5.25895680997693,4,"ThomasAM_2018a","PRJEB27928"
"Parvimonas_unclassified",6.80343161261109,3,"ThomasAM_2018a","PRJEB27928"
"Anaerotruncus_unclassified",11.3264453110007,1,"ThomasAM_2018a","PRJEB27928"
"Parvimonas_micra",2.59467262196819,9,"ThomasAM_2018a","PRJEB27928"
"Solobacterium_moorei",8.30416023677781,2,"ThomasAM_2018a","PRJEB27928"
"Peptostreptococcus_stomatis",2.80155698183893,7,"ThomasAM_2018a","PRJEB27928"
"Gemella_morbillorum",2.69393798171106,8,"ThomasAM_2018a","PRJEB27928"
"Ruminococcus_albus",5.04684614815981,5,"ThomasAM_2018a","PRJEB27928"
"Clostridium_symbiosum",4.25000858413738,6,"ThomasAM_2018a","PRJEB27928"
"Porphyromonas_asaccharolytica",2.23761863925318,10,"ThomasAM_2018a","PRJEB27928"
"Clostridium_clostridioforme",5.25895680997693,4,"FengQ_2015","PRJEB27928"
"Parvimonas_unclassified",6.80343161261109,3,"FengQ_2015","PRJEB27928"
"Anaerotruncus_unclassified",11.3264453110007,1,"FengQ_2015","PRJEB27928"
"Parvimonas_micra",2.59467262196819,9,"FengQ_2015","PRJEB27928"
"Solobacterium_moorei",8.30416023677781,2,"FengQ_2015","PRJEB27928"
"Peptostreptococcus_stomatis",2.80155698183893,7,"FengQ_2015","PRJEB27928"
"Gemella_morbillorum",2.69393798171106,8,"FengQ_2015","PRJEB27928"
"Ruminococcus_albus",5.04684614815981,5,"FengQ_2015","PRJEB27928"
"Clostridium_symbiosum",4.25000858413738,6,"FengQ_2015","PRJEB27928"
"Porphyromonas_asaccharolytica",2.23761863925318,10,"FengQ_2015","PRJEB27928"
"Clostridium_clostridioforme",2.60680568523991,6,"PRJEB27928","PRJEB27928"
"Parvimonas_unclassified",3.27703432162936,5,"PRJEB27928","PRJEB27928"
"Anaerotruncus_unclassified",5.94272923777692,1,"PRJEB27928","PRJEB27928"
"Parvimonas_micra",1.17737757300476,10,"PRJEB27928","PRJEB27928"
"Solobacterium_moorei",4.33553017238331,2,"PRJEB27928","PRJEB27928"
"Peptostreptococcus_stomatis",2.0069463532557,7,"PRJEB27928","PRJEB27928"
"Gemella_morbillorum",1.82440616450382,8,"PRJEB27928","PRJEB27928"
"Ruminococcus_albus",3.5121894326328,3,"PRJEB27928","PRJEB27928"
"Clostridium_symbiosum",3.39698120409283,4,"PRJEB27928","PRJEB27928"
"Porphyromonas_asaccharolytica",1.64538059152446,9,"PRJEB27928","PRJEB27928"
"Parvimonas_unclassified",5.54777193817503,1,"PRJEB27928","PRJDB4176"
"Peptostreptococcus_stomatis",4.52280673803023,2,"PRJEB27928","PRJDB4176"
"Anaerotruncus_colihominis",3.91870893116206,5,"PRJEB27928","PRJDB4176"
"Parvimonas_micra",1.91272806117737,8,"PRJEB27928","PRJDB4176"
"Gemella_morbillorum",4.26586751353666,3,"PRJEB27928","PRJDB4176"
"Solobacterium_moorei",4.16577568511112,4,"PRJEB27928","PRJDB4176"
"Odoribacter_splanchnicus",3.84180190969019,6,"PRJEB27928","PRJDB4176"
"Alistipes_indistinctus",1.88875393768699,9,"PRJEB27928","PRJDB4176"
"Clostridium_innocuum",1.54726629404897,10,"PRJEB27928","PRJDB4176"
"Lachnospiraceae_bacterium_3_1_46FAA",3.36893965807686,7,"PRJEB27928","PRJDB4176"
"Parvimonas_unclassified",5.54777193817503,1,"ZellerG_2014","PRJDB4176"
"Peptostreptococcus_stomatis",4.52280673803023,2,"ZellerG_2014","PRJDB4176"
"Anaerotruncus_colihominis",3.91870893116206,5,"ZellerG_2014","PRJDB4176"
"Parvimonas_micra",1.91272806117737,8,"ZellerG_2014","PRJDB4176"
"Gemella_morbillorum",4.26586751353666,3,"ZellerG_2014","PRJDB4176"
"Solobacterium_moorei",4.16577568511112,4,"ZellerG_2014","PRJDB4176"
"Odoribacter_splanchnicus",3.84180190969019,6,"ZellerG_2014","PRJDB4176"
"Alistipes_indistinctus",1.88875393768699,9,"ZellerG_2014","PRJDB4176"
"Clostridium_innocuum",1.54726629404897,10,"ZellerG_2014","PRJDB4176"
"Lachnospiraceae_bacterium_3_1_46FAA",3.36893965807686,7,"ZellerG_2014","PRJDB4176"
"Parvimonas_unclassified",5.54777193817503,1,"YuJ_2015","PRJDB4176"
"Peptostreptococcus_stomatis",4.52280673803023,2,"YuJ_2015","PRJDB4176"
"Anaerotruncus_colihominis",3.91870893116206,5,"YuJ_2015","PRJDB4176"
"Parvimonas_micra",1.91272806117737,8,"YuJ_2015","PRJDB4176"
"Gemella_morbillorum",4.26586751353666,3,"YuJ_2015","PRJDB4176"
"Solobacterium_moorei",4.16577568511112,4,"YuJ_2015","PRJDB4176"
"Odoribacter_splanchnicus",3.84180190969019,6,"YuJ_2015","PRJDB4176"
"Alistipes_indistinctus",1.88875393768699,9,"YuJ_2015","PRJDB4176"
"Clostridium_innocuum",1.54726629404897,10,"YuJ_2015","PRJDB4176"
"Lachnospiraceae_bacterium_3_1_46FAA",3.36893965807686,7,"YuJ_2015","PRJDB4176"
"Parvimonas_unclassified",5.54777193817503,1,"VogtmannE_2016","PRJDB4176"
"Peptostreptococcus_stomatis",4.52280673803023,2,"VogtmannE_2016","PRJDB4176"
"Anaerotruncus_colihominis",3.91870893116206,5,"VogtmannE_2016","PRJDB4176"
"Parvimonas_micra",1.91272806117737,8,"VogtmannE_2016","PRJDB4176"
"Gemella_morbillorum",4.26586751353666,3,"VogtmannE_2016","PRJDB4176"
"Solobacterium_moorei",4.16577568511112,4,"VogtmannE_2016","PRJDB4176"
"Odoribacter_splanchnicus",3.84180190969019,6,"VogtmannE_2016","PRJDB4176"
"Alistipes_indistinctus",1.88875393768699,9,"VogtmannE_2016","PRJDB4176"
"Clostridium_innocuum",1.54726629404897,10,"VogtmannE_2016","PRJDB4176"
"Lachnospiraceae_bacterium_3_1_46FAA",3.36893965807686,7,"VogtmannE_2016","PRJDB4176"
"Parvimonas_unclassified",5.54777193817503,1,"ThomasAM_2018b","PRJDB4176"
"Peptostreptococcus_stomatis",4.52280673803023,2,"ThomasAM_2018b","PRJDB4176"
"Anaerotruncus_colihominis",3.91870893116206,5,"ThomasAM_2018b","PRJDB4176"
"Parvimonas_micra",1.91272806117737,8,"ThomasAM_2018b","PRJDB4176"
"Gemella_morbillorum",4.26586751353666,3,"ThomasAM_2018b","PRJDB4176"
"Solobacterium_moorei",4.16577568511112,4,"ThomasAM_2018b","PRJDB4176"
"Odoribacter_splanchnicus",3.84180190969019,6,"ThomasAM_2018b","PRJDB4176"
"Alistipes_indistinctus",1.88875393768699,9,"ThomasAM_2018b","PRJDB4176"
"Clostridium_innocuum",1.54726629404897,10,"ThomasAM_2018b","PRJDB4176"
"Lachnospiraceae_bacterium_3_1_46FAA",3.36893965807686,7,"ThomasAM_2018b","PRJDB4176"
"Parvimonas_unclassified",5.54777193817503,1,"ThomasAM_2018a","PRJDB4176"
"Peptostreptococcus_stomatis",4.52280673803023,2,"ThomasAM_2018a","PRJDB4176"
"Anaerotruncus_colihominis",3.91870893116206,5,"ThomasAM_2018a","PRJDB4176"
"Parvimonas_micra",1.91272806117737,8,"ThomasAM_2018a","PRJDB4176"
"Gemella_morbillorum",4.26586751353666,3,"ThomasAM_2018a","PRJDB4176"
"Solobacterium_moorei",4.16577568511112,4,"ThomasAM_2018a","PRJDB4176"
"Odoribacter_splanchnicus",3.84180190969019,6,"ThomasAM_2018a","PRJDB4176"
"Alistipes_indistinctus",1.88875393768699,9,"ThomasAM_2018a","PRJDB4176"
"Clostridium_innocuum",1.54726629404897,10,"ThomasAM_2018a","PRJDB4176"
"Lachnospiraceae_bacterium_3_1_46FAA",3.36893965807686,7,"ThomasAM_2018a","PRJDB4176"
"Parvimonas_unclassified",5.54777193817503,1,"FengQ_2015","PRJDB4176"
"Peptostreptococcus_stomatis",4.52280673803023,2,"FengQ_2015","PRJDB4176"
"Anaerotruncus_colihominis",3.91870893116206,5,"FengQ_2015","PRJDB4176"
"Parvimonas_micra",1.91272806117737,8,"FengQ_2015","PRJDB4176"
"Gemella_morbillorum",4.26586751353666,3,"FengQ_2015","PRJDB4176"
"Solobacterium_moorei",4.16577568511112,4,"FengQ_2015","PRJDB4176"
"Odoribacter_splanchnicus",3.84180190969019,6,"FengQ_2015","PRJDB4176"
"Alistipes_indistinctus",1.88875393768699,9,"FengQ_2015","PRJDB4176"
"Clostridium_innocuum",1.54726629404897,10,"FengQ_2015","PRJDB4176"
"Lachnospiraceae_bacterium_3_1_46FAA",3.36893965807686,7,"FengQ_2015","PRJDB4176"
"Parvimonas_unclassified",13.7660838635466,1,"PRJDB4176","PRJDB4176"
"Peptostreptococcus_stomatis",2.57350613998543,2,"PRJDB4176","PRJDB4176"
"Anaerotruncus_colihominis",0.51243042277389,8,"PRJDB4176","PRJDB4176"
"Parvimonas_micra",0.215704184704185,10,"PRJDB4176","PRJDB4176"
"Gemella_morbillorum",0.734614864915805,7,"PRJDB4176","PRJDB4176"
"Solobacterium_moorei",0.759600454244696,6,"PRJDB4176","PRJDB4176"
"Odoribacter_splanchnicus",1.31911804638402,4,"PRJDB4176","PRJDB4176"
"Alistipes_indistinctus",0.344913803877291,9,"PRJDB4176","PRJDB4176"
"Clostridium_innocuum",0.84742587860156,5,"PRJDB4176","PRJDB4176"
"Lachnospiraceae_bacterium_3_1_46FAA",2.38076900763316,3,"PRJDB4176","PRJDB4176"
"Peptostreptococcus_stomatis",7.44880553192937,3,"PRJEB27928","ZellerG_2014"
"Gemella_morbillorum",2.62250432474877,7,"PRJEB27928","ZellerG_2014"
"Fusobacterium_nucleatum",4.89626603864726,5,"PRJEB27928","ZellerG_2014"
"Parvimonas_micra",4.02201385247767,6,"PRJEB27928","ZellerG_2014"
"Parvimonas_unclassified",6.26587405555805,4,"PRJEB27928","ZellerG_2014"
"Porphyromonas_asaccharolytica",2.09584773803462,8,"PRJEB27928","ZellerG_2014"
"Eubacterium_rectale",7.5660021721406,2,"PRJEB27928","ZellerG_2014"
"Porphyromonas_somerae",1.56036728847131,9,"PRJEB27928","ZellerG_2014"
"candidate_division_TM7_single_cell_isolate_TM7b",1.43085400851308,10,"PRJEB27928","ZellerG_2014"
"Bilophila_unclassified",8.01099115279974,1,"PRJEB27928","ZellerG_2014"
"Peptostreptococcus_stomatis",7.44880553192937,3,"PRJDB4176","ZellerG_2014"
"Gemella_morbillorum",2.62250432474877,7,"PRJDB4176","ZellerG_2014"
"Fusobacterium_nucleatum",4.89626603864726,5,"PRJDB4176","ZellerG_2014"
"Parvimonas_micra",4.02201385247767,6,"PRJDB4176","ZellerG_2014"
"Parvimonas_unclassified",6.26587405555805,4,"PRJDB4176","ZellerG_2014"
"Porphyromonas_asaccharolytica",2.09584773803462,8,"PRJDB4176","ZellerG_2014"
"Eubacterium_rectale",7.5660021721406,2,"PRJDB4176","ZellerG_2014"
"Porphyromonas_somerae",1.56036728847131,9,"PRJDB4176","ZellerG_2014"
"candidate_division_TM7_single_cell_isolate_TM7b",1.43085400851308,10,"PRJDB4176","ZellerG_2014"
"Bilophila_unclassified",8.01099115279974,1,"PRJDB4176","ZellerG_2014"
"Peptostreptococcus_stomatis",7.44880553192937,3,"YuJ_2015","ZellerG_2014"
"Gemella_morbillorum",2.62250432474877,7,"YuJ_2015","ZellerG_2014"
"Fusobacterium_nucleatum",4.89626603864726,5,"YuJ_2015","ZellerG_2014"
"Parvimonas_micra",4.02201385247767,6,"YuJ_2015","ZellerG_2014"
"Parvimonas_unclassified",6.26587405555805,4,"YuJ_2015","ZellerG_2014"
"Porphyromonas_asaccharolytica",2.09584773803462,8,"YuJ_2015","ZellerG_2014"
"Eubacterium_rectale",7.5660021721406,2,"YuJ_2015","ZellerG_2014"
"Porphyromonas_somerae",1.56036728847131,9,"YuJ_2015","ZellerG_2014"
"candidate_division_TM7_single_cell_isolate_TM7b",1.43085400851308,10,"YuJ_2015","ZellerG_2014"
"Bilophila_unclassified",8.01099115279974,1,"YuJ_2015","ZellerG_2014"
"Peptostreptococcus_stomatis",7.44880553192937,3,"VogtmannE_2016","ZellerG_2014"
"Gemella_morbillorum",2.62250432474877,7,"VogtmannE_2016","ZellerG_2014"
"Fusobacterium_nucleatum",4.89626603864726,5,"VogtmannE_2016","ZellerG_2014"
"Parvimonas_micra",4.02201385247767,6,"VogtmannE_2016","ZellerG_2014"
"Parvimonas_unclassified",6.26587405555805,4,"VogtmannE_2016","ZellerG_2014"
"Porphyromonas_asaccharolytica",2.09584773803462,8,"VogtmannE_2016","ZellerG_2014"
"Eubacterium_rectale",7.5660021721406,2,"VogtmannE_2016","ZellerG_2014"
"Porphyromonas_somerae",1.56036728847131,9,"VogtmannE_2016","ZellerG_2014"
"candidate_division_TM7_single_cell_isolate_TM7b",1.43085400851308,10,"VogtmannE_2016","ZellerG_2014"
"Bilophila_unclassified",8.01099115279974,1,"VogtmannE_2016","ZellerG_2014"
"Peptostreptococcus_stomatis",7.44880553192937,3,"ThomasAM_2018b","ZellerG_2014"
"Gemella_morbillorum",2.62250432474877,7,"ThomasAM_2018b","ZellerG_2014"
"Fusobacterium_nucleatum",4.89626603864726,5,"ThomasAM_2018b","ZellerG_2014"
"Parvimonas_micra",4.02201385247767,6,"ThomasAM_2018b","ZellerG_2014"
"Parvimonas_unclassified",6.26587405555805,4,"ThomasAM_2018b","ZellerG_2014"
"Porphyromonas_asaccharolytica",2.09584773803462,8,"ThomasAM_2018b","ZellerG_2014"
"Eubacterium_rectale",7.5660021721406,2,"ThomasAM_2018b","ZellerG_2014"
"Porphyromonas_somerae",1.56036728847131,9,"ThomasAM_2018b","ZellerG_2014"
"candidate_division_TM7_single_cell_isolate_TM7b",1.43085400851308,10,"ThomasAM_2018b","ZellerG_2014"
"Bilophila_unclassified",8.01099115279974,1,"ThomasAM_2018b","ZellerG_2014"
"Peptostreptococcus_stomatis",7.44880553192937,3,"ThomasAM_2018a","ZellerG_2014"
"Gemella_morbillorum",2.62250432474877,7,"ThomasAM_2018a","ZellerG_2014"
"Fusobacterium_nucleatum",4.89626603864726,5,"ThomasAM_2018a","ZellerG_2014"
"Parvimonas_micra",4.02201385247767,6,"ThomasAM_2018a","ZellerG_2014"
"Parvimonas_unclassified",6.26587405555805,4,"ThomasAM_2018a","ZellerG_2014"
"Porphyromonas_asaccharolytica",2.09584773803462,8,"ThomasAM_2018a","ZellerG_2014"
"Eubacterium_rectale",7.5660021721406,2,"ThomasAM_2018a","ZellerG_2014"
"Porphyromonas_somerae",1.56036728847131,9,"ThomasAM_2018a","ZellerG_2014"
"candidate_division_TM7_single_cell_isolate_TM7b",1.43085400851308,10,"ThomasAM_2018a","ZellerG_2014"
"Bilophila_unclassified",8.01099115279974,1,"ThomasAM_2018a","ZellerG_2014"
"Peptostreptococcus_stomatis",7.44880553192937,3,"FengQ_2015","ZellerG_2014"
"Gemella_morbillorum",2.62250432474877,7,"FengQ_2015","ZellerG_2014"
"Fusobacterium_nucleatum",4.89626603864726,5,"FengQ_2015","ZellerG_2014"
"Parvimonas_micra",4.02201385247767,6,"FengQ_2015","ZellerG_2014"
"Parvimonas_unclassified",6.26587405555805,4,"FengQ_2015","ZellerG_2014"
"Porphyromonas_asaccharolytica",2.09584773803462,8,"FengQ_2015","ZellerG_2014"
"Eubacterium_rectale",7.5660021721406,2,"FengQ_2015","ZellerG_2014"
"Porphyromonas_somerae",1.56036728847131,9,"FengQ_2015","ZellerG_2014"
"candidate_division_TM7_single_cell_isolate_TM7b",1.43085400851308,10,"FengQ_2015","ZellerG_2014"
"Bilophila_unclassified",8.01099115279974,1,"FengQ_2015","ZellerG_2014"
"Peptostreptococcus_stomatis",3.74028184030699,4,"ZellerG_2014","ZellerG_2014"
"Gemella_morbillorum",1.47860315028617,7,"ZellerG_2014","ZellerG_2014"
"Fusobacterium_nucleatum",1.87956448379434,6,"ZellerG_2014","ZellerG_2014"
"Parvimonas_micra",3.54769859371455,5,"ZellerG_2014","ZellerG_2014"
"Parvimonas_unclassified",4.7987115300994,2,"ZellerG_2014","ZellerG_2014"
"Porphyromonas_asaccharolytica",0.712401926743788,9,"ZellerG_2014","ZellerG_2014"
"Eubacterium_rectale",4.3967081773014,3,"ZellerG_2014","ZellerG_2014"
"Porphyromonas_somerae",1.04642941388013,8,"ZellerG_2014","ZellerG_2014"
"candidate_division_TM7_single_cell_isolate_TM7b",0.596174848280147,10,"ZellerG_2014","ZellerG_2014"
"Bilophila_unclassified",7.6266162507218,1,"ZellerG_2014","ZellerG_2014"
"Gemella_morbillorum",5.41662848936624,6,"PRJEB27928","YuJ_2015"
"Parvimonas_micra",2.82642128839044,8,"PRJEB27928","YuJ_2015"
"Parvimonas_unclassified",7.50246558061106,2,"PRJEB27928","YuJ_2015"
"Clostridium_symbiosum",6.13123499375683,5,"PRJEB27928","YuJ_2015"
"Fusobacterium_nucleatum",3.92895625520513,7,"PRJEB27928","YuJ_2015"
"Peptostreptococcus_stomatis",8.14304013462737,1,"PRJEB27928","YuJ_2015"
"Clostridium_hathewayi",6.7539172102982,3,"PRJEB27928","YuJ_2015"
"Porphyromonas_asaccharolytica",2.521704910557,9,"PRJEB27928","YuJ_2015"
"Solobacterium_moorei",6.61333889248582,4,"PRJEB27928","YuJ_2015"
"Clostridium_sp_ATCC_BAA_442",2.45414762559923,10,"PRJEB27928","YuJ_2015"
"Gemella_morbillorum",5.41662848936624,6,"PRJDB4176","YuJ_2015"
"Parvimonas_micra",2.82642128839044,8,"PRJDB4176","YuJ_2015"
"Parvimonas_unclassified",7.50246558061106,2,"PRJDB4176","YuJ_2015"
"Clostridium_symbiosum",6.13123499375683,5,"PRJDB4176","YuJ_2015"
"Fusobacterium_nucleatum",3.92895625520513,7,"PRJDB4176","YuJ_2015"
"Peptostreptococcus_stomatis",8.14304013462737,1,"PRJDB4176","YuJ_2015"
"Clostridium_hathewayi",6.7539172102982,3,"PRJDB4176","YuJ_2015"
"Porphyromonas_asaccharolytica",2.521704910557,9,"PRJDB4176","YuJ_2015"
"Solobacterium_moorei",6.61333889248582,4,"PRJDB4176","YuJ_2015"
"Clostridium_sp_ATCC_BAA_442",2.45414762559923,10,"PRJDB4176","YuJ_2015"
"Gemella_morbillorum",5.41662848936624,6,"ZellerG_2014","YuJ_2015"
"Parvimonas_micra",2.82642128839044,8,"ZellerG_2014","YuJ_2015"
"Parvimonas_unclassified",7.50246558061106,2,"ZellerG_2014","YuJ_2015"
"Clostridium_symbiosum",6.13123499375683,5,"ZellerG_2014","YuJ_2015"
"Fusobacterium_nucleatum",3.92895625520513,7,"ZellerG_2014","YuJ_2015"
"Peptostreptococcus_stomatis",8.14304013462737,1,"ZellerG_2014","YuJ_2015"
"Clostridium_hathewayi",6.7539172102982,3,"ZellerG_2014","YuJ_2015"
"Porphyromonas_asaccharolytica",2.521704910557,9,"ZellerG_2014","YuJ_2015"
"Solobacterium_moorei",6.61333889248582,4,"ZellerG_2014","YuJ_2015"
"Clostridium_sp_ATCC_BAA_442",2.45414762559923,10,"ZellerG_2014","YuJ_2015"
"Gemella_morbillorum",5.41662848936624,6,"VogtmannE_2016","YuJ_2015"
"Parvimonas_micra",2.82642128839044,8,"VogtmannE_2016","YuJ_2015"
"Parvimonas_unclassified",7.50246558061106,2,"VogtmannE_2016","YuJ_2015"
"Clostridium_symbiosum",6.13123499375683,5,"VogtmannE_2016","YuJ_2015"
"Fusobacterium_nucleatum",3.92895625520513,7,"VogtmannE_2016","YuJ_2015"
"Peptostreptococcus_stomatis",8.14304013462737,1,"VogtmannE_2016","YuJ_2015"
"Clostridium_hathewayi",6.7539172102982,3,"VogtmannE_2016","YuJ_2015"
"Porphyromonas_asaccharolytica",2.521704910557,9,"VogtmannE_2016","YuJ_2015"
"Solobacterium_moorei",6.61333889248582,4,"VogtmannE_2016","YuJ_2015"
"Clostridium_sp_ATCC_BAA_442",2.45414762559923,10,"VogtmannE_2016","YuJ_2015"
"Gemella_morbillorum",5.41662848936624,6,"ThomasAM_2018b","YuJ_2015"
"Parvimonas_micra",2.82642128839044,8,"ThomasAM_2018b","YuJ_2015"
"Parvimonas_unclassified",7.50246558061106,2,"ThomasAM_2018b","YuJ_2015"
"Clostridium_symbiosum",6.13123499375683,5,"ThomasAM_2018b","YuJ_2015"
"Fusobacterium_nucleatum",3.92895625520513,7,"ThomasAM_2018b","YuJ_2015"
"Peptostreptococcus_stomatis",8.14304013462737,1,"ThomasAM_2018b","YuJ_2015"
"Clostridium_hathewayi",6.7539172102982,3,"ThomasAM_2018b","YuJ_2015"
"Porphyromonas_asaccharolytica",2.521704910557,9,"ThomasAM_2018b","YuJ_2015"
"Solobacterium_moorei",6.61333889248582,4,"ThomasAM_2018b","YuJ_2015"
"Clostridium_sp_ATCC_BAA_442",2.45414762559923,10,"ThomasAM_2018b","YuJ_2015"
"Gemella_morbillorum",5.41662848936624,6,"ThomasAM_2018a","YuJ_2015"
"Parvimonas_micra",2.82642128839044,8,"ThomasAM_2018a","YuJ_2015"
"Parvimonas_unclassified",7.50246558061106,2,"ThomasAM_2018a","YuJ_2015"
"Clostridium_symbiosum",6.13123499375683,5,"ThomasAM_2018a","YuJ_2015"
"Fusobacterium_nucleatum",3.92895625520513,7,"ThomasAM_2018a","YuJ_2015"
"Peptostreptococcus_stomatis",8.14304013462737,1,"ThomasAM_2018a","YuJ_2015"
"Clostridium_hathewayi",6.7539172102982,3,"ThomasAM_2018a","YuJ_2015"
"Porphyromonas_asaccharolytica",2.521704910557,9,"ThomasAM_2018a","YuJ_2015"
"Solobacterium_moorei",6.61333889248582,4,"ThomasAM_2018a","YuJ_2015"
"Clostridium_sp_ATCC_BAA_442",2.45414762559923,10,"ThomasAM_2018a","YuJ_2015"
"Gemella_morbillorum",5.41662848936624,6,"FengQ_2015","YuJ_2015"
"Parvimonas_micra",2.82642128839044,8,"FengQ_2015","YuJ_2015"
"Parvimonas_unclassified",7.50246558061106,2,"FengQ_2015","YuJ_2015"
"Clostridium_symbiosum",6.13123499375683,5,"FengQ_2015","YuJ_2015"
"Fusobacterium_nucleatum",3.92895625520513,7,"FengQ_2015","YuJ_2015"
"Peptostreptococcus_stomatis",8.14304013462737,1,"FengQ_2015","YuJ_2015"
"Clostridium_hathewayi",6.7539172102982,3,"FengQ_2015","YuJ_2015"
"Porphyromonas_asaccharolytica",2.521704910557,9,"FengQ_2015","YuJ_2015"
"Solobacterium_moorei",6.61333889248582,4,"FengQ_2015","YuJ_2015"
"Clostridium_sp_ATCC_BAA_442",2.45414762559923,10,"FengQ_2015","YuJ_2015"
"Gemella_morbillorum",3.17276303449901,6,"YuJ_2015","YuJ_2015"
"Parvimonas_micra",1.42911061604125,8,"YuJ_2015","YuJ_2015"
"Parvimonas_unclassified",3.90263230704154,5,"YuJ_2015","YuJ_2015"
"Clostridium_symbiosum",6.43414675280199,1,"YuJ_2015","YuJ_2015"
"Fusobacterium_nucleatum",1.47513197706901,7,"YuJ_2015","YuJ_2015"
"Peptostreptococcus_stomatis",4.74108760792498,3,"YuJ_2015","YuJ_2015"
"Clostridium_hathewayi",6.33279897593462,2,"YuJ_2015","YuJ_2015"
"Porphyromonas_asaccharolytica",0.910950809397459,10,"YuJ_2015","YuJ_2015"
"Solobacterium_moorei",4.31081092722064,4,"YuJ_2015","YuJ_2015"
"Clostridium_sp_ATCC_BAA_442",1.02930151936865,9,"YuJ_2015","YuJ_2015"
"Fusobacterium_nucleatum",3.68784668675832,4,"PRJEB27928","VogtmannE_2016"
"Parvimonas_unclassified",2.89339950609091,5,"PRJEB27928","VogtmannE_2016"
"Bacteroides_pectinophilus",2.76472766917025,6,"PRJEB27928","VogtmannE_2016"
"Peptostreptococcus_stomatis",2.64365020719764,7,"PRJEB27928","VogtmannE_2016"
"Porphyromonas_asaccharolytica",4.55674154690541,3,"PRJEB27928","VogtmannE_2016"
"Clostridium_leptum",9.1225254454448,1,"PRJEB27928","VogtmannE_2016"
"Bacteroides_vulgatus",6.46323855548782,2,"PRJEB27928","VogtmannE_2016"
"Porphyromonas_uenonis",1.22183149328019,9,"PRJEB27928","VogtmannE_2016"
"Gemella_morbillorum",1.15725299610274,10,"PRJEB27928","VogtmannE_2016"
"Streptococcus_constellatus",1.27471461862256,8,"PRJEB27928","VogtmannE_2016"
"Fusobacterium_nucleatum",3.68784668675832,4,"PRJDB4176","VogtmannE_2016"
"Parvimonas_unclassified",2.89339950609091,5,"PRJDB4176","VogtmannE_2016"
"Bacteroides_pectinophilus",2.76472766917025,6,"PRJDB4176","VogtmannE_2016"
"Peptostreptococcus_stomatis",2.64365020719764,7,"PRJDB4176","VogtmannE_2016"
"Porphyromonas_asaccharolytica",4.55674154690541,3,"PRJDB4176","VogtmannE_2016"
"Clostridium_leptum",9.1225254454448,1,"PRJDB4176","VogtmannE_2016"
"Bacteroides_vulgatus",6.46323855548782,2,"PRJDB4176","VogtmannE_2016"
"Porphyromonas_uenonis",1.22183149328019,9,"PRJDB4176","VogtmannE_2016"
"Gemella_morbillorum",1.15725299610274,10,"PRJDB4176","VogtmannE_2016"
"Streptococcus_constellatus",1.27471461862256,8,"PRJDB4176","VogtmannE_2016"
"Fusobacterium_nucleatum",3.68784668675832,4,"ZellerG_2014","VogtmannE_2016"
"Parvimonas_unclassified",2.89339950609091,5,"ZellerG_2014","VogtmannE_2016"
"Bacteroides_pectinophilus",2.76472766917025,6,"ZellerG_2014","VogtmannE_2016"
"Peptostreptococcus_stomatis",2.64365020719764,7,"ZellerG_2014","VogtmannE_2016"
"Porphyromonas_asaccharolytica",4.55674154690541,3,"ZellerG_2014","VogtmannE_2016"
"Clostridium_leptum",9.1225254454448,1,"ZellerG_2014","VogtmannE_2016"
"Bacteroides_vulgatus",6.46323855548782,2,"ZellerG_2014","VogtmannE_2016"
"Porphyromonas_uenonis",1.22183149328019,9,"ZellerG_2014","VogtmannE_2016"
"Gemella_morbillorum",1.15725299610274,10,"ZellerG_2014","VogtmannE_2016"
"Streptococcus_constellatus",1.27471461862256,8,"ZellerG_2014","VogtmannE_2016"
"Fusobacterium_nucleatum",3.68784668675832,4,"YuJ_2015","VogtmannE_2016"
"Parvimonas_unclassified",2.89339950609091,5,"YuJ_2015","VogtmannE_2016"
"Bacteroides_pectinophilus",2.76472766917025,6,"YuJ_2015","VogtmannE_2016"
"Peptostreptococcus_stomatis",2.64365020719764,7,"YuJ_2015","VogtmannE_2016"
"Porphyromonas_asaccharolytica",4.55674154690541,3,"YuJ_2015","VogtmannE_2016"
"Clostridium_leptum",9.1225254454448,1,"YuJ_2015","VogtmannE_2016"
"Bacteroides_vulgatus",6.46323855548782,2,"YuJ_2015","VogtmannE_2016"
"Porphyromonas_uenonis",1.22183149328019,9,"YuJ_2015","VogtmannE_2016"
"Gemella_morbillorum",1.15725299610274,10,"YuJ_2015","VogtmannE_2016"
"Streptococcus_constellatus",1.27471461862256,8,"YuJ_2015","VogtmannE_2016"
"Fusobacterium_nucleatum",3.68784668675832,4,"ThomasAM_2018b","VogtmannE_2016"
"Parvimonas_unclassified",2.89339950609091,5,"ThomasAM_2018b","VogtmannE_2016"
"Bacteroides_pectinophilus",2.76472766917025,6,"ThomasAM_2018b","VogtmannE_2016"
"Peptostreptococcus_stomatis",2.64365020719764,7,"ThomasAM_2018b","VogtmannE_2016"
"Porphyromonas_asaccharolytica",4.55674154690541,3,"ThomasAM_2018b","VogtmannE_2016"
"Clostridium_leptum",9.1225254454448,1,"ThomasAM_2018b","VogtmannE_2016"
"Bacteroides_vulgatus",6.46323855548782,2,"ThomasAM_2018b","VogtmannE_2016"
"Porphyromonas_uenonis",1.22183149328019,9,"ThomasAM_2018b","VogtmannE_2016"
"Gemella_morbillorum",1.15725299610274,10,"ThomasAM_2018b","VogtmannE_2016"
"Streptococcus_constellatus",1.27471461862256,8,"ThomasAM_2018b","VogtmannE_2016"
"Fusobacterium_nucleatum",3.68784668675832,4,"ThomasAM_2018a","VogtmannE_2016"
"Parvimonas_unclassified",2.89339950609091,5,"ThomasAM_2018a","VogtmannE_2016"
"Bacteroides_pectinophilus",2.76472766917025,6,"ThomasAM_2018a","VogtmannE_2016"
"Peptostreptococcus_stomatis",2.64365020719764,7,"ThomasAM_2018a","VogtmannE_2016"
"Porphyromonas_asaccharolytica",4.55674154690541,3,"ThomasAM_2018a","VogtmannE_2016"
"Clostridium_leptum",9.1225254454448,1,"ThomasAM_2018a","VogtmannE_2016"
"Bacteroides_vulgatus",6.46323855548782,2,"ThomasAM_2018a","VogtmannE_2016"
"Porphyromonas_uenonis",1.22183149328019,9,"ThomasAM_2018a","VogtmannE_2016"
"Gemella_morbillorum",1.15725299610274,10,"ThomasAM_2018a","VogtmannE_2016"
"Streptococcus_constellatus",1.27471461862256,8,"ThomasAM_2018a","VogtmannE_2016"
"Fusobacterium_nucleatum",3.68784668675832,4,"FengQ_2015","VogtmannE_2016"
"Parvimonas_unclassified",2.89339950609091,5,"FengQ_2015","VogtmannE_2016"
"Bacteroides_pectinophilus",2.76472766917025,6,"FengQ_2015","VogtmannE_2016"
"Peptostreptococcus_stomatis",2.64365020719764,7,"FengQ_2015","VogtmannE_2016"
"Porphyromonas_asaccharolytica",4.55674154690541,3,"FengQ_2015","VogtmannE_2016"
"Clostridium_leptum",9.1225254454448,1,"FengQ_2015","VogtmannE_2016"
"Bacteroides_vulgatus",6.46323855548782,2,"FengQ_2015","VogtmannE_2016"
"Porphyromonas_uenonis",1.22183149328019,9,"FengQ_2015","VogtmannE_2016"
"Gemella_morbillorum",1.15725299610274,10,"FengQ_2015","VogtmannE_2016"
"Streptococcus_constellatus",1.27471461862256,8,"FengQ_2015","VogtmannE_2016"
"Fusobacterium_nucleatum",1.47678619595677,5,"VogtmannE_2016","VogtmannE_2016"
"Parvimonas_unclassified",2.17960331945002,4,"VogtmannE_2016","VogtmannE_2016"
"Bacteroides_pectinophilus",0.992141106147031,7,"VogtmannE_2016","VogtmannE_2016"
"Peptostreptococcus_stomatis",0.640874657288374,10,"VogtmannE_2016","VogtmannE_2016"
"Porphyromonas_asaccharolytica",2.70165829526336,3,"VogtmannE_2016","VogtmannE_2016"
"Clostridium_leptum",5.74527707985801,1,"VogtmannE_2016","VogtmannE_2016"
"Bacteroides_vulgatus",5.04318538839858,2,"VogtmannE_2016","VogtmannE_2016"
"Porphyromonas_uenonis",1.0145562975642,6,"VogtmannE_2016","VogtmannE_2016"
"Gemella_morbillorum",0.669835901305389,9,"VogtmannE_2016","VogtmannE_2016"
"Streptococcus_constellatus",0.680854094559749,8,"VogtmannE_2016","VogtmannE_2016"
"Parvimonas_unclassified",4.84711996097735,1,"PRJEB27928","ThomasAM_2018b"
"Parvimonas_micra",2.38260287042507,7,"PRJEB27928","ThomasAM_2018b"
"Gemella_morbillorum",2.99621423317067,3,"PRJEB27928","ThomasAM_2018b"
"Peptostreptococcus_stomatis",2.16319175404,8,"PRJEB27928","ThomasAM_2018b"
"Clostridium_symbiosum",1.19215163557204,10,"PRJEB27928","ThomasAM_2018b"
"Bacteroides_vulgatus",2.71268782572588,5,"PRJEB27928","ThomasAM_2018b"
"Lachnospiraceae_bacterium_1_1_57FAA",1.89680352208034,9,"PRJEB27928","ThomasAM_2018b"
"Bacteroides_dorei",2.7769272429729,4,"PRJEB27928","ThomasAM_2018b"
"Actinomyces_graevenitzii",4.19004462388186,2,"PRJEB27928","ThomasAM_2018b"
"Odoribacter_splanchnicus",2.53601149207276,6,"PRJEB27928","ThomasAM_2018b"
"Parvimonas_unclassified",4.84711996097735,1,"PRJDB4176","ThomasAM_2018b"
"Parvimonas_micra",2.38260287042507,7,"PRJDB4176","ThomasAM_2018b"
"Gemella_morbillorum",2.99621423317067,3,"PRJDB4176","ThomasAM_2018b"
"Peptostreptococcus_stomatis",2.16319175404,8,"PRJDB4176","ThomasAM_2018b"
"Clostridium_symbiosum",1.19215163557204,10,"PRJDB4176","ThomasAM_2018b"
"Bacteroides_vulgatus",2.71268782572588,5,"PRJDB4176","ThomasAM_2018b"
"Lachnospiraceae_bacterium_1_1_57FAA",1.89680352208034,9,"PRJDB4176","ThomasAM_2018b"
"Bacteroides_dorei",2.7769272429729,4,"PRJDB4176","ThomasAM_2018b"
"Actinomyces_graevenitzii",4.19004462388186,2,"PRJDB4176","ThomasAM_2018b"
"Odoribacter_splanchnicus",2.53601149207276,6,"PRJDB4176","ThomasAM_2018b"
"Parvimonas_unclassified",4.84711996097735,1,"ZellerG_2014","ThomasAM_2018b"
"Parvimonas_micra",2.38260287042507,7,"ZellerG_2014","ThomasAM_2018b"
"Gemella_morbillorum",2.99621423317067,3,"ZellerG_2014","ThomasAM_2018b"
"Peptostreptococcus_stomatis",2.16319175404,8,"ZellerG_2014","ThomasAM_2018b"
"Clostridium_symbiosum",1.19215163557204,10,"ZellerG_2014","ThomasAM_2018b"
"Bacteroides_vulgatus",2.71268782572588,5,"ZellerG_2014","ThomasAM_2018b"
"Lachnospiraceae_bacterium_1_1_57FAA",1.89680352208034,9,"ZellerG_2014","ThomasAM_2018b"
"Bacteroides_dorei",2.7769272429729,4,"ZellerG_2014","ThomasAM_2018b"
"Actinomyces_graevenitzii",4.19004462388186,2,"ZellerG_2014","ThomasAM_2018b"
"Odoribacter_splanchnicus",2.53601149207276,6,"ZellerG_2014","ThomasAM_2018b"
"Parvimonas_unclassified",4.84711996097735,1,"YuJ_2015","ThomasAM_2018b"
"Parvimonas_micra",2.38260287042507,7,"YuJ_2015","ThomasAM_2018b"
"Gemella_morbillorum",2.99621423317067,3,"YuJ_2015","ThomasAM_2018b"
"Peptostreptococcus_stomatis",2.16319175404,8,"YuJ_2015","ThomasAM_2018b"
"Clostridium_symbiosum",1.19215163557204,10,"YuJ_2015","ThomasAM_2018b"
"Bacteroides_vulgatus",2.71268782572588,5,"YuJ_2015","ThomasAM_2018b"
"Lachnospiraceae_bacterium_1_1_57FAA",1.89680352208034,9,"YuJ_2015","ThomasAM_2018b"
"Bacteroides_dorei",2.7769272429729,4,"YuJ_2015","ThomasAM_2018b"
"Actinomyces_graevenitzii",4.19004462388186,2,"YuJ_2015","ThomasAM_2018b"
"Odoribacter_splanchnicus",2.53601149207276,6,"YuJ_2015","ThomasAM_2018b"
"Parvimonas_unclassified",4.84711996097735,1,"VogtmannE_2016","ThomasAM_2018b"
"Parvimonas_micra",2.38260287042507,7,"VogtmannE_2016","ThomasAM_2018b"
"Gemella_morbillorum",2.99621423317067,3,"VogtmannE_2016","ThomasAM_2018b"
"Peptostreptococcus_stomatis",2.16319175404,8,"VogtmannE_2016","ThomasAM_2018b"
"Clostridium_symbiosum",1.19215163557204,10,"VogtmannE_2016","ThomasAM_2018b"
"Bacteroides_vulgatus",2.71268782572588,5,"VogtmannE_2016","ThomasAM_2018b"
"Lachnospiraceae_bacterium_1_1_57FAA",1.89680352208034,9,"VogtmannE_2016","ThomasAM_2018b"
"Bacteroides_dorei",2.7769272429729,4,"VogtmannE_2016","ThomasAM_2018b"
"Actinomyces_graevenitzii",4.19004462388186,2,"VogtmannE_2016","ThomasAM_2018b"
"Odoribacter_splanchnicus",2.53601149207276,6,"VogtmannE_2016","ThomasAM_2018b"
"Parvimonas_unclassified",4.84711996097735,1,"ThomasAM_2018a","ThomasAM_2018b"
"Parvimonas_micra",2.38260287042507,7,"ThomasAM_2018a","ThomasAM_2018b"
"Gemella_morbillorum",2.99621423317067,3,"ThomasAM_2018a","ThomasAM_2018b"
"Peptostreptococcus_stomatis",2.16319175404,8,"ThomasAM_2018a","ThomasAM_2018b"
"Clostridium_symbiosum",1.19215163557204,10,"ThomasAM_2018a","ThomasAM_2018b"
"Bacteroides_vulgatus",2.71268782572588,5,"ThomasAM_2018a","ThomasAM_2018b"
"Lachnospiraceae_bacterium_1_1_57FAA",1.89680352208034,9,"ThomasAM_2018a","ThomasAM_2018b"
"Bacteroides_dorei",2.7769272429729,4,"ThomasAM_2018a","ThomasAM_2018b"
"Actinomyces_graevenitzii",4.19004462388186,2,"ThomasAM_2018a","ThomasAM_2018b"
"Odoribacter_splanchnicus",2.53601149207276,6,"ThomasAM_2018a","ThomasAM_2018b"
"Parvimonas_unclassified",4.84711996097735,1,"FengQ_2015","ThomasAM_2018b"
"Parvimonas_micra",2.38260287042507,7,"FengQ_2015","ThomasAM_2018b"
"Gemella_morbillorum",2.99621423317067,3,"FengQ_2015","ThomasAM_2018b"
"Peptostreptococcus_stomatis",2.16319175404,8,"FengQ_2015","ThomasAM_2018b"
"Clostridium_symbiosum",1.19215163557204,10,"FengQ_2015","ThomasAM_2018b"
"Bacteroides_vulgatus",2.71268782572588,5,"FengQ_2015","ThomasAM_2018b"
"Lachnospiraceae_bacterium_1_1_57FAA",1.89680352208034,9,"FengQ_2015","ThomasAM_2018b"
"Bacteroides_dorei",2.7769272429729,4,"FengQ_2015","ThomasAM_2018b"
"Actinomyces_graevenitzii",4.19004462388186,2,"FengQ_2015","ThomasAM_2018b"
"Odoribacter_splanchnicus",2.53601149207276,6,"FengQ_2015","ThomasAM_2018b"
"Parvimonas_unclassified",3.39218561070928,1,"ThomasAM_2018b","ThomasAM_2018b"
"Parvimonas_micra",1.41166306718275,7,"ThomasAM_2018b","ThomasAM_2018b"
"Gemella_morbillorum",1.92899664854227,3,"ThomasAM_2018b","ThomasAM_2018b"
"Peptostreptococcus_stomatis",1.8876063174329,4,"ThomasAM_2018b","ThomasAM_2018b"
"Clostridium_symbiosum",0.857103461576771,9,"ThomasAM_2018b","ThomasAM_2018b"
"Bacteroides_vulgatus",1.86474595117018,5,"ThomasAM_2018b","ThomasAM_2018b"
"Lachnospiraceae_bacterium_1_1_57FAA",0.512023522333454,10,"ThomasAM_2018b","ThomasAM_2018b"
"Bacteroides_dorei",1.99629210450983,2,"ThomasAM_2018b","ThomasAM_2018b"
"Actinomyces_graevenitzii",1.28119918292347,8,"ThomasAM_2018b","ThomasAM_2018b"
"Odoribacter_splanchnicus",1.84193194381371,6,"ThomasAM_2018b","ThomasAM_2018b"
"Holdemania_filiformis",3.04114092628353,2,"PRJEB27928","ThomasAM_2018a"
"Porphyromonas_asaccharolytica",1.77238408514153,8,"PRJEB27928","ThomasAM_2018a"
"Roseburia_inulinivorans",3.09534256050131,1,"PRJEB27928","ThomasAM_2018a"
"Gordonibacter_pamelaeae",2.76105518361719,5,"PRJEB27928","ThomasAM_2018a"
"Clostridium_leptum",2.32024377544318,6,"PRJEB27928","ThomasAM_2018a"
"Bacteroides_stercoris",2.98197884678227,3,"PRJEB27928","ThomasAM_2018a"
"Mitsuokella_unclassified",0.756384287149837,10,"PRJEB27928","ThomasAM_2018a"
"Pseudomonas_aeruginosa",1.68916065916641,9,"PRJEB27928","ThomasAM_2018a"
"Bifidobacterium_catenulatum",1.88381662190706,7,"PRJEB27928","ThomasAM_2018a"
"Odoribacter_splanchnicus",2.82458174337735,4,"PRJEB27928","ThomasAM_2018a"
"Holdemania_filiformis",3.04114092628353,2,"PRJDB4176","ThomasAM_2018a"
"Porphyromonas_asaccharolytica",1.77238408514153,8,"PRJDB4176","ThomasAM_2018a"
"Roseburia_inulinivorans",3.09534256050131,1,"PRJDB4176","ThomasAM_2018a"
"Gordonibacter_pamelaeae",2.76105518361719,5,"PRJDB4176","ThomasAM_2018a"
"Clostridium_leptum",2.32024377544318,6,"PRJDB4176","ThomasAM_2018a"
"Bacteroides_stercoris",2.98197884678227,3,"PRJDB4176","ThomasAM_2018a"
"Mitsuokella_unclassified",0.756384287149837,10,"PRJDB4176","ThomasAM_2018a"
"Pseudomonas_aeruginosa",1.68916065916641,9,"PRJDB4176","ThomasAM_2018a"
"Bifidobacterium_catenulatum",1.88381662190706,7,"PRJDB4176","ThomasAM_2018a"
"Odoribacter_splanchnicus",2.82458174337735,4,"PRJDB4176","ThomasAM_2018a"
"Holdemania_filiformis",3.04114092628353,2,"ZellerG_2014","ThomasAM_2018a"
"Porphyromonas_asaccharolytica",1.77238408514153,8,"ZellerG_2014","ThomasAM_2018a"
"Roseburia_inulinivorans",3.09534256050131,1,"ZellerG_2014","ThomasAM_2018a"
"Gordonibacter_pamelaeae",2.76105518361719,5,"ZellerG_2014","ThomasAM_2018a"
"Clostridium_leptum",2.32024377544318,6,"ZellerG_2014","ThomasAM_2018a"
"Bacteroides_stercoris",2.98197884678227,3,"ZellerG_2014","ThomasAM_2018a"
"Mitsuokella_unclassified",0.756384287149837,10,"ZellerG_2014","ThomasAM_2018a"
"Pseudomonas_aeruginosa",1.68916065916641,9,"ZellerG_2014","ThomasAM_2018a"
"Bifidobacterium_catenulatum",1.88381662190706,7,"ZellerG_2014","ThomasAM_2018a"
"Odoribacter_splanchnicus",2.82458174337735,4,"ZellerG_2014","ThomasAM_2018a"
"Holdemania_filiformis",3.04114092628353,2,"YuJ_2015","ThomasAM_2018a"
"Porphyromonas_asaccharolytica",1.77238408514153,8,"YuJ_2015","ThomasAM_2018a"
"Roseburia_inulinivorans",3.09534256050131,1,"YuJ_2015","ThomasAM_2018a"
"Gordonibacter_pamelaeae",2.76105518361719,5,"YuJ_2015","ThomasAM_2018a"
"Clostridium_leptum",2.32024377544318,6,"YuJ_2015","ThomasAM_2018a"
"Bacteroides_stercoris",2.98197884678227,3,"YuJ_2015","ThomasAM_2018a"
"Mitsuokella_unclassified",0.756384287149837,10,"YuJ_2015","ThomasAM_2018a"
"Pseudomonas_aeruginosa",1.68916065916641,9,"YuJ_2015","ThomasAM_2018a"
"Bifidobacterium_catenulatum",1.88381662190706,7,"YuJ_2015","ThomasAM_2018a"
"Odoribacter_splanchnicus",2.82458174337735,4,"YuJ_2015","ThomasAM_2018a"
"Holdemania_filiformis",3.04114092628353,2,"VogtmannE_2016","ThomasAM_2018a"
"Porphyromonas_asaccharolytica",1.77238408514153,8,"VogtmannE_2016","ThomasAM_2018a"
"Roseburia_inulinivorans",3.09534256050131,1,"VogtmannE_2016","ThomasAM_2018a"
"Gordonibacter_pamelaeae",2.76105518361719,5,"VogtmannE_2016","ThomasAM_2018a"
"Clostridium_leptum",2.32024377544318,6,"VogtmannE_2016","ThomasAM_2018a"
"Bacteroides_stercoris",2.98197884678227,3,"VogtmannE_2016","ThomasAM_2018a"
"Mitsuokella_unclassified",0.756384287149837,10,"VogtmannE_2016","ThomasAM_2018a"
"Pseudomonas_aeruginosa",1.68916065916641,9,"VogtmannE_2016","ThomasAM_2018a"
"Bifidobacterium_catenulatum",1.88381662190706,7,"VogtmannE_2016","ThomasAM_2018a"
"Odoribacter_splanchnicus",2.82458174337735,4,"VogtmannE_2016","ThomasAM_2018a"
"Holdemania_filiformis",3.04114092628353,2,"ThomasAM_2018b","ThomasAM_2018a"
"Porphyromonas_asaccharolytica",1.77238408514153,8,"ThomasAM_2018b","ThomasAM_2018a"
"Roseburia_inulinivorans",3.09534256050131,1,"ThomasAM_2018b","ThomasAM_2018a"
"Gordonibacter_pamelaeae",2.76105518361719,5,"ThomasAM_2018b","ThomasAM_2018a"
"Clostridium_leptum",2.32024377544318,6,"ThomasAM_2018b","ThomasAM_2018a"
"Bacteroides_stercoris",2.98197884678227,3,"ThomasAM_2018b","ThomasAM_2018a"
"Mitsuokella_unclassified",0.756384287149837,10,"ThomasAM_2018b","ThomasAM_2018a"
"Pseudomonas_aeruginosa",1.68916065916641,9,"ThomasAM_2018b","ThomasAM_2018a"
"Bifidobacterium_catenulatum",1.88381662190706,7,"ThomasAM_2018b","ThomasAM_2018a"
"Odoribacter_splanchnicus",2.82458174337735,4,"ThomasAM_2018b","ThomasAM_2018a"
"Holdemania_filiformis",3.04114092628353,2,"FengQ_2015","ThomasAM_2018a"
"Porphyromonas_asaccharolytica",1.77238408514153,8,"FengQ_2015","ThomasAM_2018a"
"Roseburia_inulinivorans",3.09534256050131,1,"FengQ_2015","ThomasAM_2018a"
"Gordonibacter_pamelaeae",2.76105518361719,5,"FengQ_2015","ThomasAM_2018a"
"Clostridium_leptum",2.32024377544318,6,"FengQ_2015","ThomasAM_2018a"
"Bacteroides_stercoris",2.98197884678227,3,"FengQ_2015","ThomasAM_2018a"
"Mitsuokella_unclassified",0.756384287149837,10,"FengQ_2015","ThomasAM_2018a"
"Pseudomonas_aeruginosa",1.68916065916641,9,"FengQ_2015","ThomasAM_2018a"
"Bifidobacterium_catenulatum",1.88381662190706,7,"FengQ_2015","ThomasAM_2018a"
"Odoribacter_splanchnicus",2.82458174337735,4,"FengQ_2015","ThomasAM_2018a"
"Holdemania_filiformis",1.66976565590391,3,"ThomasAM_2018a","ThomasAM_2018a"
"Porphyromonas_asaccharolytica",1.49025112213867,6,"ThomasAM_2018a","ThomasAM_2018a"
"Roseburia_inulinivorans",1.56507331890109,5,"ThomasAM_2018a","ThomasAM_2018a"
"Gordonibacter_pamelaeae",0.85729405193009,8,"ThomasAM_2018a","ThomasAM_2018a"
"Clostridium_leptum",1.60654354276056,4,"ThomasAM_2018a","ThomasAM_2018a"
"Bacteroides_stercoris",2.06617265526662,2,"ThomasAM_2018a","ThomasAM_2018a"
"Mitsuokella_unclassified",0.213844636386589,10,"ThomasAM_2018a","ThomasAM_2018a"
"Pseudomonas_aeruginosa",0.917406166599756,7,"ThomasAM_2018a","ThomasAM_2018a"
"Bifidobacterium_catenulatum",0.705247766667555,9,"ThomasAM_2018a","ThomasAM_2018a"
"Odoribacter_splanchnicus",2.28170362898489,1,"ThomasAM_2018a","ThomasAM_2018a"
"Gemella_morbillorum",3.93235978241632,6,"PRJEB27928","FengQ_2015"
"Parvimonas_unclassified",4.52686479399853,4,"PRJEB27928","FengQ_2015"
"Fusobacterium_nucleatum",4.35509149975546,5,"PRJEB27928","FengQ_2015"
"Peptostreptococcus_stomatis",2.3351280246553,7,"PRJEB27928","FengQ_2015"
"Parvimonas_micra",1.82381197759697,8,"PRJEB27928","FengQ_2015"
"Ruminococcaceae_bacterium_D16",6.02220546768334,2,"PRJEB27928","FengQ_2015"
"Porphyromonas_asaccharolytica",4.98507761058085,3,"PRJEB27928","FengQ_2015"
"Porphyromonas_uenonis",1.66821314417368,9,"PRJEB27928","FengQ_2015"
"Prevotella_copri",10.1263280963973,1,"PRJEB27928","FengQ_2015"
"Bacteroides_coprophilus",1.43594997660325,10,"PRJEB27928","FengQ_2015"
"Gemella_morbillorum",3.93235978241632,6,"PRJDB4176","FengQ_2015"
"Parvimonas_unclassified",4.52686479399853,4,"PRJDB4176","FengQ_2015"
"Fusobacterium_nucleatum",4.35509149975546,5,"PRJDB4176","FengQ_2015"
"Peptostreptococcus_stomatis",2.3351280246553,7,"PRJDB4176","FengQ_2015"
"Parvimonas_micra",1.82381197759697,8,"PRJDB4176","FengQ_2015"
"Ruminococcaceae_bacterium_D16",6.02220546768334,2,"PRJDB4176","FengQ_2015"
"Porphyromonas_asaccharolytica",4.98507761058085,3,"PRJDB4176","FengQ_2015"
"Porphyromonas_uenonis",1.66821314417368,9,"PRJDB4176","FengQ_2015"
"Prevotella_copri",10.1263280963973,1,"PRJDB4176","FengQ_2015"
"Bacteroides_coprophilus",1.43594997660325,10,"PRJDB4176","FengQ_2015"
"Gemella_morbillorum",3.93235978241632,6,"ZellerG_2014","FengQ_2015"
"Parvimonas_unclassified",4.52686479399853,4,"ZellerG_2014","FengQ_2015"
"Fusobacterium_nucleatum",4.35509149975546,5,"ZellerG_2014","FengQ_2015"
"Peptostreptococcus_stomatis",2.3351280246553,7,"ZellerG_2014","FengQ_2015"
"Parvimonas_micra",1.82381197759697,8,"ZellerG_2014","FengQ_2015"
"Ruminococcaceae_bacterium_D16",6.02220546768334,2,"ZellerG_2014","FengQ_2015"
"Porphyromonas_asaccharolytica",4.98507761058085,3,"ZellerG_2014","FengQ_2015"
"Porphyromonas_uenonis",1.66821314417368,9,"ZellerG_2014","FengQ_2015"
"Prevotella_copri",10.1263280963973,1,"ZellerG_2014","FengQ_2015"
"Bacteroides_coprophilus",1.43594997660325,10,"ZellerG_2014","FengQ_2015"
"Gemella_morbillorum",3.93235978241632,6,"YuJ_2015","FengQ_2015"
"Parvimonas_unclassified",4.52686479399853,4,"YuJ_2015","FengQ_2015"
"Fusobacterium_nucleatum",4.35509149975546,5,"YuJ_2015","FengQ_2015"
"Peptostreptococcus_stomatis",2.3351280246553,7,"YuJ_2015","FengQ_2015"
"Parvimonas_micra",1.82381197759697,8,"YuJ_2015","FengQ_2015"
"Ruminococcaceae_bacterium_D16",6.02220546768334,2,"YuJ_2015","FengQ_2015"
"Porphyromonas_asaccharolytica",4.98507761058085,3,"YuJ_2015","FengQ_2015"
"Porphyromonas_uenonis",1.66821314417368,9,"YuJ_2015","FengQ_2015"
"Prevotella_copri",10.1263280963973,1,"YuJ_2015","FengQ_2015"
"Bacteroides_coprophilus",1.43594997660325,10,"YuJ_2015","FengQ_2015"
"Gemella_morbillorum",3.93235978241632,6,"VogtmannE_2016","FengQ_2015"
"Parvimonas_unclassified",4.52686479399853,4,"VogtmannE_2016","FengQ_2015"
"Fusobacterium_nucleatum",4.35509149975546,5,"VogtmannE_2016","FengQ_2015"
"Peptostreptococcus_stomatis",2.3351280246553,7,"VogtmannE_2016","FengQ_2015"
"Parvimonas_micra",1.82381197759697,8,"VogtmannE_2016","FengQ_2015"
"Ruminococcaceae_bacterium_D16",6.02220546768334,2,"VogtmannE_2016","FengQ_2015"
"Porphyromonas_asaccharolytica",4.98507761058085,3,"VogtmannE_2016","FengQ_2015"
"Porphyromonas_uenonis",1.66821314417368,9,"VogtmannE_2016","FengQ_2015"
"Prevotella_copri",10.1263280963973,1,"VogtmannE_2016","FengQ_2015"
"Bacteroides_coprophilus",1.43594997660325,10,"VogtmannE_2016","FengQ_2015"
"Gemella_morbillorum",3.93235978241632,6,"ThomasAM_2018b","FengQ_2015"
"Parvimonas_unclassified",4.52686479399853,4,"ThomasAM_2018b","FengQ_2015"
"Fusobacterium_nucleatum",4.35509149975546,5,"ThomasAM_2018b","FengQ_2015"
"Peptostreptococcus_stomatis",2.3351280246553,7,"ThomasAM_2018b","FengQ_2015"
"Parvimonas_micra",1.82381197759697,8,"ThomasAM_2018b","FengQ_2015"
"Ruminococcaceae_bacterium_D16",6.02220546768334,2,"ThomasAM_2018b","FengQ_2015"
"Porphyromonas_asaccharolytica",4.98507761058085,3,"ThomasAM_2018b","FengQ_2015"
"Porphyromonas_uenonis",1.66821314417368,9,"ThomasAM_2018b","FengQ_2015"
"Prevotella_copri",10.1263280963973,1,"ThomasAM_2018b","FengQ_2015"
"Bacteroides_coprophilus",1.43594997660325,10,"ThomasAM_2018b","FengQ_2015"
"Gemella_morbillorum",3.93235978241632,6,"ThomasAM_2018a","FengQ_2015"
"Parvimonas_unclassified",4.52686479399853,4,"ThomasAM_2018a","FengQ_2015"
"Fusobacterium_nucleatum",4.35509149975546,5,"ThomasAM_2018a","FengQ_2015"
"Peptostreptococcus_stomatis",2.3351280246553,7,"ThomasAM_2018a","FengQ_2015"
"Parvimonas_micra",1.82381197759697,8,"ThomasAM_2018a","FengQ_2015"
"Ruminococcaceae_bacterium_D16",6.02220546768334,2,"ThomasAM_2018a","FengQ_2015"
"Porphyromonas_asaccharolytica",4.98507761058085,3,"ThomasAM_2018a","FengQ_2015"
"Porphyromonas_uenonis",1.66821314417368,9,"ThomasAM_2018a","FengQ_2015"
"Prevotella_copri",10.1263280963973,1,"ThomasAM_2018a","FengQ_2015"
"Bacteroides_coprophilus",1.43594997660325,10,"ThomasAM_2018a","FengQ_2015"
"Gemella_morbillorum",1.98694035428697,5,"FengQ_2015","FengQ_2015"
"Parvimonas_unclassified",1.51440941016899,6,"FengQ_2015","FengQ_2015"
"Fusobacterium_nucleatum",3.05348681749543,4,"FengQ_2015","FengQ_2015"
"Peptostreptococcus_stomatis",1.36890378415774,7,"FengQ_2015","FengQ_2015"
"Parvimonas_micra",0.383015303990848,8,"FengQ_2015","FengQ_2015"
"Ruminococcaceae_bacterium_D16",4.27566075789674,2,"FengQ_2015","FengQ_2015"
"Porphyromonas_asaccharolytica",3.35894202155754,3,"FengQ_2015","FengQ_2015"
"Porphyromonas_uenonis",0.0523087221130565,10,"FengQ_2015","FengQ_2015"
"Prevotella_copri",13.4637562927776,1,"FengQ_2015","FengQ_2015"
"Bacteroides_coprophilus",0.111330933891513,9,"FengQ_2015","FengQ_2015"
