"","Study","Abiotrophia_defectiva","Achromobacter_piechaudii","Achromobacter_unclassified","Acidaminococcus_fermentans","Acidaminococcus_intestini","Acidaminococcus_sp_BV3L6","Acidaminococcus_sp_D21","Acidaminococcus_sp_HPA0509","Acidaminococcus_unclassified","Acinetobacter_baumannii","Acinetobacter_johnsonii","Acinetobacter_junii","Acinetobacter_lwoffii","Acinetobacter_pittii_calcoaceticus_nosocomialis","Acinetobacter_unclassified","Actinobacillus_unclassified","Actinobaculum_massiliense","Actinobaculum_schaalii","Actinobaculum_unclassified","Actinomyces_cardiffensis","Actinomyces_europaeus","Actinomyces_graevenitzii","Actinomyces_johnsonii","Actinomyces_massiliensis","Actinomyces_naeslundii","Actinomyces_odontolyticus","Actinomyces_oris","Actinomyces_sp_HPA0247","Actinomyces_sp_ICM39","Actinomyces_sp_ICM47","Actinomyces_sp_oral_taxon_172","Actinomyces_sp_oral_taxon_448","Actinomyces_timonensis","Actinomyces_turicensis","Actinomyces_urogenitalis","Actinomyces_viscosus","Adlercreutzia_equolifaciens","Aeromonas_hydrophila","Aeromonas_unclassified","Aeromonas_veronii","Aggregatibacter_aphrophilus","Aggregatibacter_segnis","Aggregatibacter_unclassified","Agrobacterium_unclassified","Akkermansia_muciniphila","Alcaligenes_unclassified","Alicycliphilus_unclassified","Alistipes_finegoldii","Alistipes_indistinctus","Alistipes_onderdonkii","Alistipes_putredinis","Alistipes_senegalensis","Alistipes_shahii","Alistipes_sp_AP11","Alistipes_sp_HGB5","Alistipes_unclassified","Alloprevotella_rava","Alloprevotella_tannerae","Alloprevotella_unclassified","Alloscardovia_omnicolens","Anaerococcus_lactolyticus","Anaerococcus_obesiensis","Anaerococcus_prevotii","Anaerococcus_tetradius","Anaerococcus_vaginalis","Anaerofustis_stercorihominis","Anaeroglobus_geminatus","Anaerostipes_caccae","Anaerostipes_hadrus","Anaerostipes_sp_3_2_56FAA","Anaerostipes_unclassified","Anaerotruncus_colihominis","Anaerotruncus_unclassified","Arcobacter_butzleri","Arcobacter_unclassified","Asticcacaulis_unclassified","Atopobium_minutum","Atopobium_parvulum","Atopobium_rimae","Atopobium_sp_ICM58","Atopobium_vaginae","Bacillus_licheniformis","Bacillus_subtilis","Bacteroidales_bacterium_ph8","Bacteroides_barnesiae","Bacteroides_caccae","Bacteroides_cellulosilyticus","Bacteroides_clarus","Bacteroides_coprocola","Bacteroides_coprophilus","Bacteroides_dorei","Bacteroides_eggerthii","Bacteroides_faecis","Bacteroides_finegoldii","Bacteroides_fluxus","Bacteroides_fragilis","Bacteroides_gallinarum","Bacteroides_intestinalis","Bacteroides_massiliensis","Bacteroides_nordii","Bacteroides_oleiciplenus","Bacteroides_ovatus","Bacteroides_pectinophilus","Bacteroides_plebeius","Bacteroides_pyogenes","Bacteroides_salanitronis","Bacteroides_salyersiae","Bacteroides_sp_1_1_14","Bacteroides_sp_1_1_30","Bacteroides_sp_1_1_6","Bacteroides_sp_2_1_16","Bacteroides_sp_2_1_22","Bacteroides_sp_2_1_56FAA","Bacteroides_sp_2_2_4","Bacteroides_sp_3_1_19","Bacteroides_sp_3_1_40A","Bacteroides_sp_3_2_5","Bacteroides_sp_4_3_47FAA","Bacteroides_sp_9_1_42FAA","Bacteroides_sp_D2","Bacteroides_stercoris","Bacteroides_thetaiotaomicron","Bacteroides_uniformis","Bacteroides_vulgatus","Bacteroides_xylanisolvens","Bacteroidetes_bacterium_oral_taxon_272","Bacteroidetes_oral_taxon_274","Barnesiella_intestinihominis","Bartonella_unclassified","Bavariicoccus_seileri","Bifidobacterium_adolescentis","Bifidobacterium_angulatum","Bifidobacterium_animalis","Bifidobacterium_bifidum","Bifidobacterium_breve","Bifidobacterium_catenulatum","Bifidobacterium_dentium","Bifidobacterium_longum","Bifidobacterium_pseudocatenulatum","Bifidobacterium_pseudolongum","Bifidobacterium_thermophilum","Bilophila_sp_4_1_30","Bilophila_unclassified","Bilophila_wadsworthia","Blautia_hansenii","Blautia_hydrogenotrophica","Blautia_producta","Bordetella_unclassified","Borrelia_recurrentis","Brachybacterium_unclassified","Brachyspira_pilosicoli","Brachyspira_unclassified","Brevibacterium_linens","Brevibacterium_massiliense","Brevibacterium_mcbrellneri","Brevibacterium_unclassified","Brevundimonas_unclassified","Bulleidia_extructa","Burkholderia_unclassified","Burkholderiales_bacterium_1_1_47","Butyricicoccus_pullicaecorum","Butyricimonas_synergistica","Butyrivibrio_crossotus","Butyrivibrio_unclassified","Campylobacter_coli","Campylobacter_concisus","Campylobacter_curvus","Campylobacter_gracilis","Campylobacter_hominis","Campylobacter_jejuni","Campylobacter_rectus","Campylobacter_showae","Campylobacter_ureolyticus","candidate_division_TM7_single_cell_isolate_TM7b","candidate_division_TM7_single_cell_isolate_TM7c","Candidatus_Zinderia_insecticola","Capnocytophaga_unclassified","Cardiobacterium_hominis","Cardiobacterium_valvarum","Carnobacterium_maltaromaticum","Catenibacterium_mitsuokai","Catonella_morbi","Caulobacter_unclassified","Cellulophaga_unclassified","Cellulosilyticum_lentocellum","Cellvibrio_unclassified","Centipeda_periodontii","Cetobacterium_somerae","Chlamydophila_unclassified","Chlorobium_phaeobacteroides","Chromobacterium_unclassified","Citrobacter_freundii","Citrobacter_koseri","Citrobacter_unclassified","Clostridiaceae_bacterium_JC118","Clostridiales_bacterium_1_7_47FAA","Clostridiales_bacterium_BV3C26","Clostridium_asparagiforme","Clostridium_bartlettii","Clostridium_bifermentans","Clostridium_bolteae","Clostridium_butyricum","Clostridium_celatum","Clostridium_citroniae","Clostridium_clostridioforme","Clostridium_difficile","Clostridium_glycolicum","Clostridium_hathewayi","Clostridium_hiranonis","Clostridium_hylemonae","Clostridium_innocuum","Clostridium_leptum","Clostridium_methylpentosum","Clostridium_nexile","Clostridium_perfringens","Clostridium_ramosum","Clostridium_scindens","Clostridium_sordellii","Clostridium_sp_7_2_43FAA","Clostridium_sp_ATCC_29733","Clostridium_sp_ATCC_BAA_442","Clostridium_sp_D5","Clostridium_sp_HGF2","Clostridium_sp_KLE_1755","Clostridium_sp_L2_50","Clostridium_sp_SS2_1","Clostridium_spiroforme","Clostridium_symbiosum","Collinsella_aerofaciens","Collinsella_intestinalis","Collinsella_stercoris","Collinsella_tanakaei","Collinsella_unclassified","Comamonas_testosteroni","Comamonas_unclassified","Coprobacillus_sp_29_1","Coprobacillus_sp_D6","Coprobacillus_unclassified","Coprobacter_fastidiosus","Coprococcus_catus","Coprococcus_comes","Coprococcus_eutactus","Coprococcus_sp_ART55_1","Coriobacteriaceae_bacterium_BV3Ac1","Coriobacteriaceae_bacterium_phI","Corynebacterium_amycolatum","Corynebacterium_aurimucosum","Corynebacterium_casei","Corynebacterium_crenatum","Corynebacterium_durum","Corynebacterium_jeikeium","Corynebacterium_kroppenstedtii","Corynebacterium_matruchotii","Corynebacterium_propinquum","Corynebacterium_pseudodiphtheriticum","Corynebacterium_pyruviciproducens","Corynebacterium_striatum","Corynebacterium_variabile","Cronobacter_sakazakii","Cronobacter_unclassified","Cryptobacterium_curtum","Cupriavidus_unclassified","Deinococcus_unclassified","Desulfotomaculum_ruminis","Desulfovibrio_desulfuricans","Desulfovibrio_piger","Desulfovibrio_termitidis","Desulfovibrio_vulgaris","Dialister_invisus","Dialister_micraerophilus","Dialister_succinatiphilus","Dolosigranulum_pigrum","Dorea_formicigenerans","Dorea_longicatena","Dorea_unclassified","Dysgonomonas_gadei","Dysgonomonas_mossii","Dysgonomonas_unclassified","Edwardsiella_tarda","Eggerthella_lenta","Eggerthella_sp_1_3_56FAA","Eggerthella_sp_HGA1","Eggerthella_sp_YY7918","Eggerthella_unclassified","Eggerthia_catenaformis","Eikenella_corrodens","Enhydrobacter_aerosaccus","Enterobacter_aerogenes","Enterobacter_cloacae","Enterobacter_hormaechei","Enterobacter_mori","Enterobacteriaceae_bacterium_9_2_54FAA","Enterococcus_asini","Enterococcus_avium","Enterococcus_casseliflavus","Enterococcus_dispar","Enterococcus_durans","Enterococcus_faecalis","Enterococcus_faecium","Enterococcus_gallinarum","Enterococcus_gilvus","Enterococcus_hirae","Enterococcus_italicus","Enterococcus_malodoratus","Enterococcus_mundtii","Enterococcus_raffinosus","Enterococcus_sp_7L76","Enterorhabdus_caecimuris","Eremococcus_coleocola","Erysipelotrichaceae_bacterium_2_2_44A","Erysipelotrichaceae_bacterium_21_3","Erysipelotrichaceae_bacterium_3_1_53","Erysipelotrichaceae_bacterium_5_2_54FAA","Erysipelotrichaceae_bacterium_6_1_45","Escherichia_albertii","Escherichia_coli","Escherichia_hermannii","Escherichia_unclassified","Eubacteriaceae_bacterium_ACC19a","Eubacteriaceae_bacterium_CM5","Eubacteriaceae_noname_unclassified","Eubacterium_biforme","Eubacterium_brachy","Eubacterium_cylindroides","Eubacterium_dolichum","Eubacterium_eligens","Eubacterium_hallii","Eubacterium_infirmum","Eubacterium_limosum","Eubacterium_ramulus","Eubacterium_rectale","Eubacterium_saphenum","Eubacterium_siraeum","Eubacterium_sp_3_1_31","Eubacterium_ventriosum","Eubacterium_yurii","Exiguobacterium_unclassified","Facklamia_hominis","Facklamia_unclassified","Faecalibacterium_prausnitzii","Filifactor_alocis","Finegoldia_magna","Flavonifractor_plautii","Fretibacterium_fastidiosum","Fusobacterium_gonidiaformans","Fusobacterium_mortiferum","Fusobacterium_necrophorum","Fusobacterium_nucleatum","Fusobacterium_periodonticum","Fusobacterium_sp_oral_taxon_370","Fusobacterium_ulcerans","Fusobacterium_varium","Gardnerella_vaginalis","Gemella_bergeri","Gemella_haemolysans","Gemella_morbillorum","Gemella_sanguinis","Gemella_unclassified","Gordonibacter_pamelaeae","Granulicatella_adiacens","Granulicatella_elegans","Granulicatella_unclassified","Granulicella_unclassified","Haemophilus_haemolyticus","Haemophilus_influenzae","Haemophilus_parahaemolyticus","Haemophilus_parainfluenzae","Haemophilus_paraphrohaemolyticus","Haemophilus_pittmaniae","Haemophilus_sputorum","Hafnia_alvei","Halomonas_unclassified","Helicobacter_cinaedi","Helicobacter_pullorum","Helicobacter_pylori","Holdemania_filiformis","Holdemania_sp_AP2","Holdemania_unclassified","Jonquetella_anthropi","Jonquetella_unclassified","Kingella_oralis","Kingella_unclassified","Klebsiella_oxytoca","Klebsiella_pneumoniae","Klebsiella_sp_MS_92_3","Klebsiella_unclassified","Klebsiella_variicola","Lachnoanaerobaculum_saburreum","Lachnospiraceae_bacterium_1_1_57FAA","Lachnospiraceae_bacterium_1_4_56FAA","Lachnospiraceae_bacterium_2_1_46FAA","Lachnospiraceae_bacterium_2_1_58FAA","Lachnospiraceae_bacterium_3_1_46FAA","Lachnospiraceae_bacterium_3_1_57FAA_CT1","Lachnospiraceae_bacterium_4_1_37FAA","Lachnospiraceae_bacterium_5_1_57FAA","Lachnospiraceae_bacterium_5_1_63FAA","Lachnospiraceae_bacterium_6_1_63FAA","Lachnospiraceae_bacterium_7_1_58FAA","Lachnospiraceae_bacterium_8_1_57FAA","Lachnospiraceae_bacterium_9_1_43BFAA","Lachnospiraceae_bacterium_ICM7","Lachnospiraceae_bacterium_oral_taxon_082","Lachnospiraceae_oral_taxon_107","Lactobacillus_acidophilus","Lactobacillus_amylovorus","Lactobacillus_animalis","Lactobacillus_antri","Lactobacillus_brevis","Lactobacillus_buchneri","Lactobacillus_casei_paracasei","Lactobacillus_crispatus","Lactobacillus_curvatus","Lactobacillus_delbrueckii","Lactobacillus_farciminis","Lactobacillus_fermentum","Lactobacillus_gasseri","Lactobacillus_gastricus","Lactobacillus_helveticus","Lactobacillus_iners","Lactobacillus_jensenii","Lactobacillus_johnsonii","Lactobacillus_kefiranofaciens","Lactobacillus_mucosae","Lactobacillus_murinus","Lactobacillus_oris","Lactobacillus_otakiensis","Lactobacillus_parafarraginis","Lactobacillus_pentosus","Lactobacillus_plantarum","Lactobacillus_reuteri","Lactobacillus_rhamnosus","Lactobacillus_ruminis","Lactobacillus_saerimneri","Lactobacillus_sakei","Lactobacillus_salivarius","Lactobacillus_sanfranciscensis","Lactobacillus_sp_7_1_47FAA","Lactobacillus_ultunensis","Lactobacillus_vaginalis","Lactobacillus_versmoldensis","Lactobacillus_zeae","Lactococcus_garvieae","Lactococcus_lactis","Lactococcus_raffinolactis","Lautropia_mirabilis","Leifsonia_unclassified","Leptotrichia_hofstadii","Leptotrichia_shahii","Leptotrichia_unclassified","Leptotrichia_wadei","Leucobacter_unclassified","Leuconostoc_carnosum","Leuconostoc_citreum","Leuconostoc_gasicomitatum","Leuconostoc_gelidum","Leuconostoc_lactis","Leuconostoc_mesenteroides","Leuconostoc_pseudomesenteroides","Leuconostoc_unclassified","Lysinibacillus_boronitolerans","Lysinibacillus_fusiformis","Lysinibacillus_unclassified","Macrococcus_caseolyticus","Marvinbryantia_formatexigens","Megamonas_funiformis","Megamonas_hypermegale","Megamonas_rupellensis","Megamonas_unclassified","Megasphaera_elsdenii","Megasphaera_genomosp_type_1","Megasphaera_micronuciformis","Megasphaera_sp_BV3C16_1","Megasphaera_unclassified","Meiothermus_silvanus","Mitsuokella_multacida","Mitsuokella_unclassified","Mobiluncus_curtisii","Mobiluncus_unclassified","Mogibacterium_sp_CM50","Moraxella_catarrhalis","Morganella_morganii","Mucispirillum_schaedleri","Neisseria_flavescens","Neisseria_meningitidis","Neisseria_sicca","Neisseria_subflava","Neisseria_unclassified","Odoribacter_laneus","Odoribacter_splanchnicus","Odoribacter_unclassified","Olsenella_profusa","Olsenella_uli","Olsenella_unclassified","Oribacterium_sinus","Oribacterium_sp_oral_taxon_078","Oscillibacter_sp_KLE_1728","Oscillibacter_sp_KLE_1745","Oscillibacter_unclassified","Oscillibacter_valericigenes","Oxalobacter_formigenes","Pantoea_unclassified","Parabacteroides_distasonis","Parabacteroides_goldsteinii","Parabacteroides_johnsonii","Parabacteroides_merdae","Parabacteroides_sp_20_3","Parabacteroides_sp_D13","Parabacteroides_unclassified","Paraprevotella_clara","Paraprevotella_unclassified","Paraprevotella_xylaniphila","Parascardovia_denticolens","Parasutterella_excrementihominis","Parvimonas_micra","Parvimonas_sp_oral_taxon_110","Parvimonas_sp_oral_taxon_393","Parvimonas_unclassified","Pasteurella_multocida","Pasteurella_unclassified","Pediococcus_acidilactici","Pediococcus_lolii","Pediococcus_pentosaceus","Pediococcus_unclassified","Pedobacter_unclassified","Peptoniphilus_duerdenii","Peptoniphilus_harei","Peptoniphilus_lacrimalis","Peptostreptococcaceae_noname_unclassified","Peptostreptococcus_anaerobius","Peptostreptococcus_stomatis","Peptostreptococcus_unclassified","Phascolarctobacterium_succinatutens","Porphyromonas_asaccharolytica","Porphyromonas_bennonis","Porphyromonas_endodontalis","Porphyromonas_gingivalis","Porphyromonas_somerae","Porphyromonas_uenonis","Prevotella_amnii","Prevotella_baroniae","Prevotella_bergensis","Prevotella_bivia","Prevotella_buccae","Prevotella_buccalis","Prevotella_copri","Prevotella_dentalis","Prevotella_denticola","Prevotella_disiens","Prevotella_histicola","Prevotella_intermedia","Prevotella_melaninogenica","Prevotella_multiformis","Prevotella_multisaccharivorax","Prevotella_nanceiensis","Prevotella_nigrescens","Prevotella_oralis","Prevotella_oris","Prevotella_oulorum","Prevotella_pallens","Prevotella_pleuritidis","Prevotella_ruminicola","Prevotella_salivae","Prevotella_sp_MSX73","Prevotella_sp_oral_taxon_473","Prevotella_stercorea","Prevotella_timonensis","Prevotella_veroralis","Propionibacterium_acnes","Propionibacterium_freudenreichii","Propionibacterium_granulosum","Propionibacterium_propionicum","Proteus_mirabilis","Proteus_penneri","Proteus_unclassified","Providencia_rettgeri","Providencia_unclassified","Pseudoflavonifractor_capillosus","Pseudomonas_aeruginosa","Pseudomonas_fragi","Pseudomonas_protegens","Pseudomonas_stutzeri","Pseudomonas_unclassified","Pseudoramibacter_alactolyticus","Pusillimonas_unclassified","Pyramidobacter_piscolens","Ralstonia_pickettii","Ralstonia_unclassified","Raoultella_ornithinolytica","Rhizobium_lupini","Rhodococcus_erythropolis","Rhodococcus_qingshengii","Rhodospirillum_unclassified","Riemerella_unclassified","Roseburia_hominis","Roseburia_intestinalis","Roseburia_inulinivorans","Roseburia_unclassified","Rothia_aeria","Rothia_dentocariosa","Rothia_mucilaginosa","Rothia_unclassified","Ruminococcaceae_bacterium_D16","Ruminococcus_albus","Ruminococcus_bromii","Ruminococcus_callidus","Ruminococcus_champanellensis","Ruminococcus_flavefaciens","Ruminococcus_gnavus","Ruminococcus_lactaris","Ruminococcus_obeum","Ruminococcus_sp","Ruminococcus_sp_5_1_39BFAA","Ruminococcus_sp_JC304","Ruminococcus_torques","Saccharomonospora_unclassified","Salmonella_enterica","Salmonella_unclassified","Scardovia_inopinata","Scardovia_unclassified","Scardovia_wiggsiae","Selenomonas_artemidis","Selenomonas_bovis","Selenomonas_flueggei","Selenomonas_infelix","Selenomonas_noxia","Selenomonas_sputigena","Serratia_liquefaciens","Serratia_marcescens","Serratia_proteamaculans","Shigella_flexneri","Shigella_sonnei","Shuttleworthia_satelles","Slackia_exigua","Slackia_piriformis","Slackia_unclassified","Sodalis_glossinidius","Solobacterium_moorei","Sphingobium_yanoikuyae","Spiribacter_unclassified","Staphylococcus_aureus","Staphylococcus_carnosus","Staphylococcus_epidermidis","Staphylococcus_equorum","Staphylococcus_haemolyticus","Staphylococcus_saprophyticus","Staphylococcus_vitulinus","Staphylococcus_warneri","Staphylococcus_xylosus","Stenotrophomonas_maltophilia","Stenotrophomonas_unclassified","Stomatobaculum_longum","Streptococcus_agalactiae","Streptococcus_anginosus","Streptococcus_australis","Streptococcus_constellatus","Streptococcus_cristatus","Streptococcus_downei","Streptococcus_dysgalactiae","Streptococcus_gallolyticus","Streptococcus_gordonii","Streptococcus_infantarius","Streptococcus_infantis","Streptococcus_intermedius","Streptococcus_lutetiensis","Streptococcus_macedonicus","Streptococcus_massiliensis","Streptococcus_mitis_oralis_pneumoniae","Streptococcus_mutans","Streptococcus_oligofermentans","Streptococcus_parasanguinis","Streptococcus_parauberis","Streptococcus_pasteurianus","Streptococcus_peroris","Streptococcus_pseudopneumoniae","Streptococcus_salivarius","Streptococcus_sanguinis","Streptococcus_sobrinus","Streptococcus_sp_BS35b","Streptococcus_sp_GMD5S","Streptococcus_thermophilus","Streptococcus_tigurinus","Streptococcus_uberis","Streptococcus_vestibularis","Subdoligranulum_sp_4_3_54A2FAA","Subdoligranulum_unclassified","Subdoligranulum_variabile","Succinatimonas_hippei","Sutterella_parvirubra","Sutterella_wadsworthensis","Synergistes_sp_3_1_syn1","Tannerella_forsythia","Terriglobus_unclassified","Tetragenococcus_halophilus","Thiomonas_unclassified","Treponema_denticola","Treponema_maltophilum","Treponema_medium","Treponema_socranskii","Treponema_succinifaciens","Treponema_vincentii","Tropheryma_whipplei","Turicibacter_sanguinis","Turicibacter_unclassified","Varibaculum_cambriense","Variovorax_unclassified","Veillonella_atypica","Veillonella_dispar","Veillonella_parvula","Veillonella_ratti","Veillonella_sp_3_1_44","Veillonella_sp_6_1_27","Veillonella_unclassified","Weissella_cibaria","Weissella_confusa","Weissella_unclassified","Xanthomonas_arboricola","Yersinia_enterocolitica","Yersinia_unclassified","study_condition","ID_unit","Prob","Stratum"
"CCIS11362406ST.4.0","ZellerG_2014",0,0,0,0.03138,0,0,0,0,0,0,0,0,0,0,0,0,0,0,0,0,0,0.00887,0.00148,0.00343,0.00189,0.0202,0.00275,0,0,0,0,0,0,0,0,0.00401,0.01595,0,0,0,0,0,0,0,0.0065,0,0,0.33206,0,0.03196,0.00642,0.00053,0.46431,0.17059,0,0,0,0,0,0,0,0,0,0,0,0,0,0,0.05106,0,0,0.003,0.06002,0,0,0,0,0.00755,0.00145,0,0,0,0,0.08395,0,0.02743,0.01153,0,0,0,0.49914,0.0412,0.18147,0.07275,0,0.00244,0,0,0.24718,0,0,0.28483,0,0,0,0,0,0,0,0,0,0.03373,0,0,0,0,0,0,0,0,0.37346,0.00651,0.71506,0.5532,0.02774,0,0,2.28413,0.00401,0,9.48981,0,0.00199,0.0815,0,0.07118,0.00912,1.10332,0.01563,0,0,0,0.30208,0.06064,0,0,0,0,0,0,0,0,0,0,0,0,0,0,0,0,0,7e-05,0,0.01049,0,0,0,0,0,0,0,0,0,0,0.00309,0,0,0,0,0,0,0,0,0,0,0,0,0,0,0,0,0,0,0,0,0.00045,0,0,0.00204,0,0.00951,0,0,0.00777,0,0,0,0.00079,0,0,0.0022,0.06941,0.00805,0.00293,0,0,0.00019,0,0,0,0,0,0,0,0,0,0,0,3.92294,0,0,0,0,0,0,0,0,0,0,0.33207,1.80227,0.00027,2.89807,0,0,0,0,0,0,0.00126,0,0,0,0,0,0,0,0,0,0,0,0,0.00147,0,0,0,0,0,0.02837,0,0,0,1.67917,4.94994,0,0,0,0,0,0.00409,0,0,0,0.00088,0,0,0,0.00826,0.00209,0,0,0,0,0,0,0,0,0,0.05965,0,0,0,0,0,0,0,0,0,0,0.00397,0.00536,0,0,0.00254,0,8.26343,0,0,0,0,0,5.49136,0.00351,0,0,2.7302,5.48891,0.00043,0.04857,0.04289,4.81388,0.00724,0.46848,0,0.37461,0,0,0,0,3.81971,0,0,0.00122,0,0,0,0,0,0,0,0,0,0,0,0,0,0.02585,0,1e-04,0.00577,0,0.0121,0.0027,0,0,0,0.00696,0,0,0,0,0,0,0,0,0,0,0,0,0,0,0,0,0.31187,0,0,0,0,0.00727,0,0,0.00124,0.00225,0.00614,0,0.00493,0.14602,0,0.02516,0,0,0,0,0,0,0,0,0,0,0,0,0,0,0,0,0.00381,0.11758,0,0,0,0,0,0,0.00506,0,0,0,0,0,0,1.58623,0,7.04359,0,0,0,0,0,0,0.00116,0,0,0,0.04633,0,0,0,0,0,0,0,0,0,0,0,0,0,0,0,0,0,0,0,0,0,0,0,0,0,0,0,0,0,0.40376,0,0.28471,0.00824,0,0,0,0,0,0,0,0,0,0,0,0,0.42631,0,0,0,0.0297,0,0,0,0,0.09048,0,0.00515,0.02317,0.00556,0.02313,0.00212,1.12257,0,0,0,0,0,0,0.00829,0.00091,0.00067,0,0,0.00455,0,0,0,0,0,0,0,0,0,0,0.09484,0,0.00105,0.00028,0.01434,0,0,0,0,0,0,0,0,0,0,0,0,0.8531,0,0,0,0,0,0,0,0,0,0,0,0,0,0,0,3e-04,0,0,0,0,0,0,0,0,0,0,0,0,0,0,0,0.00264,0,0,0,0,0,0,0,0,0,0,0,0,0,0,0,0,0.01576,0.01618,0.03583,0.44066,0,0.00052,0.0025,0.00361,0.00312,0.00098,3.03379,0.00427,0,0,0.00031,0.0045,1.61037,0,2.34232,0.19992,1.52967,0,0,0,0,0,0.00122,0,0,0,0,0,0,0,0,0,0,0,0,0,0,0,0,0.01081,0,0,0,0,0,0,0,0,0,0,0,0,0,0,0,0.05524,0.0307,0.00144,0.00218,0,0,0,0.00773,0,0.04047,0.00064,0,0,0,0.0164,0.15596,0,0.3023,0,0,0.00087,0,2.16697,0.03887,0,0,0,0.00704,0.01147,0,0.05808,0,2.21363,0.00681,0,0,0.0208,0,0,0,0,0,0,0,0,0,0,0,0,0,0,0,0,0,0,0.00089,0,0,0,0.00737,0,0,0,0,0,0,"control",14,0.0390625,1
"CCIS13047523ST.4.0","ZellerG_2014",0.00085,0,0,0,0,0,0,0,0,0,0,0,0,0,0,0,0,0,0,0,0,0,0,0.00047,0,0.00079,0,0,0,0,0,0,0,0,0,0.00196,0,0,0,0,0,0,0,0,0,0,0,0,0.04832,0.01364,1.19053,0.00454,0.57064,0,0,0,0,0,0,0,0,0,0,0,0,0.01268,0,0.05519,0.23409,0,0,0.00143,0.0058,0,0,0,0,0,0.0035,0,0,0,0,0.09637,0,0.00016,0,0,0,0,0,0,0,0,0,5.1481,0,1.54762,0.00021,0,0,0.1984,0,0,0,0,1.14437,0,0,0,0,0,0,0,0,0,0,0,0,0,2.73915,0,5.79484,0.62661,0.24764,0,0,0,0,0,0.02726,0,0,0.0018,0,0,0,0.00216,0,0,0,0,0.23988,0.00855,0,0,0.07651,0,0,0,0,0,0,0,0,0,0,0,0,0.0782,0,0,0.00209,0.00073,0,0,0,0,0,0,0,0,0,0.00217,0.00891,0,0,0,0,0,0,0,0,0,0,0,0,0,0,0,0,0,0,0,0,0.02245,0,0.0192,0.06692,0,1.17444,0,0,0.00953,0.11907,0,0,0.01727,0,0,0.02379,0.07679,0,0.60107,0,0.01541,0.00075,0,0,0,0,0,0,0,0,0,0,0.01828,0.00027,0,0,0,0,0,0,0,0,0.10501,0,0,0.00233,0,0,0,0,0,0,0,0,0.00077,0,0,0,0,0,0,0,0,0,0,0,0,0,0,0,0,0,0,0.89276,0,0.00591,0,0,0.00439,0.01283,0,0,0,0,0.05776,0,0,0,0.08215,0,0,0,0,0,0,0,0,0,0.00193,0,0,0,0.00117,0.05693,0,0,0,0,0,0,0,0,0,0,0.00122,0.00713,0.00148,0,0,0,0.06703,0,0.04922,0,0,0,0,0.00654,0,0,3.85507,0.00078,0,0,0,24.36825,0.00018,0,0,0.00345,0,0,0,0,8.33718,0,0,0.04745,0,0,0,0,0,0,0,0,0,0,0,0,0.00157,0.01307,0,0.02393,0.006,0,0.01631,0,0,0,0,0,0,0,0,0,0,0,0,0,0,0,0.01782,0,0,0,0,0,0,0,0,0,0,1.69195,0.03562,0,0,0,0.0425,0,0.03545,0.63974,0,0.00635,0,0,0,0,0,0,0,0,0,0,0,0,0,0.00252,0,0,0,0,0,0,0,0,0,0,0,0,0,0,0,0,0,0,0,0,0,0.01432,0,0,0,0,0,0,0,0,0,0.0126,0,0,0,0,0,0,0,0,0,0,0.00145,0,0.21682,0,0,0,0,0,0,0,0,0,0,0,0,0,0,0,0,0,0,0.00786,0,0,0,0,0,0,0,0,0,0,0,0,0.38357,0,0,0,0,0,0,0,0,0.23002,0,0,0,0.0646,0.76427,0,0,0,0,4.09864,0,0,0,0,0.22286,0.00532,0,0,0.00786,0,0,0,0,0,0,0,0,0,0,0,0,0,0,0,0,0,0,0,0,0,0,0,0,0,0,0,0.01572,0,0,0,0,0,0,0,0,0,0,0,0,0,0,0,0,0,0,0,0,0,0,0,0,0,0,0,0,0,0,0,0,0,0,0,0,0,0,0,0,0,0,0,0,0,0,0,0,0.06622,0,0,0,0,0,0,0,0,0,12.88196,0,0,0,1.1055,0,0.17378,0,11.14069,0,2.40815,0,0,0,0,0,0,0,0,0,0,0,0,0,0,0,0,0,0,0,0,0,0,0.00309,0,0,0,0,0,0,0,0,0,0,0,0,0,0,0,0.01096,0.02202,0,0.00358,0,0,0,0.00606,0,0.00665,0.00405,0,0,0,0.00828,0.00216,0.00092,0.00868,0,0,0,0,0.33397,0.03131,0,0,0,0.69834,0,0,0.02519,0,0.60111,0,0,0,0,0,0,0,0,0,0,0,0,0,0,0,0,0,0,0,0,0,0,0.00112,0,0,0,0.00093,0,0,0,0,0,0,"control",16,0.0390625,1
"CCIS88317640ST.4.0","ZellerG_2014",0,0,0,0,0,0,0,0,0,0,0,0,0,0,0,0,0,0,0,0,0,0.0037,0.00071,0.00107,0,0.02583,0.00034,0,0,0.06363,0,0,0,0,0,0.01244,0,0,0,0,0,0,0,0,0,0,0,0.22037,0.09962,0.5094,1.04208,0.00832,0.12536,0,0,0,0,0,0,0.30829,0,0.00115,0,0,0.00567,0,0,0,0.0396,0,0,0.02296,0.02199,0,0,0,0,0.03163,0.00392,0,0,0,0,0.19372,0,0,0.87292,0,0,0,0.05332,0,0,0.5954,0,1.4519,0,0,0.3735,0.00424,0,0.10213,0,0,0,0,0,0,0,0,0,0,0,0,0,0,0,0,0,0,0,0.42756,1.862,0.44228,0.01707,0,0,0,0,0,9.38711,0,0,0,0,0.51279,0.00608,2.09391,1.06072,0,0,0,0.06169,0.00844,0,0,0.00201,0,0,0,0,0,0,0,0,0,0,0,0,0,0,0,0,0.00318,0,0,0,0,0,0,0,0,0.00052,0,0,0,0,0,0,0,3.85799,0,0,0.00269,0,0,0,0,0,0,0,0,0,0,0.00105,0,0,0.00658,0,0,0.00642,0,0,0.01181,0.00187,0,0,0.03412,0,0,0,0.08452,0.00997,1.23687,0,0,0.00023,0,0,0,0,0,0,0,2.85388,0,0,0,1.49547,0,0,0,0,0,0.00142,0,0,0,0,0.44775,3.64293,0,0,0,0,0,0,0,0,0,0,0,0,0,0,0,0,0,0,0,0.00904,0,0,0,0,0,0,0,2.02022,0,0,0,1.06692,2.43572,0,0,0,0,0,0.00473,0,0,0,0.37843,0,0,0,0,0.13469,0,0,0,0,0,0,0,0.2596,0.04878,0,0.05884,0,0,0,0,0,0,0,0,0,0.02437,0.00255,0,0,0.02003,0,1.73031,0,0.14036,0,0,0,0,0.006,0.00339,0,0,2.67603,0.00018,0.00206,0.03147,2.97244,0,0,0,0.31188,0,0,0,0,2.24661,0,0,0.00064,0,0,0,0,0.00065,0,0,0,0,0,0,0.00099,0.00345,0.01607,0,0.04355,0.00936,0,0.00528,0,0,0,0,0.01168,0,0,0,0,0,0,0,0,0.00231,0,0.00071,0,0,0,0,0,0,0,0.00187,0,0,0.17972,0,0,0,0.03575,0.00199,0,0,0.0661,0,0.0107,0,0,0,0,0,0,0,0,0,0,0,0,0,0,0.00401,0.00156,0.03368,0.00652,0,0,0,0,0,0,0,0,0,0,0,0,0,0,0,0,0,0.03712,0,0,0,0,0,0,0,0,0,0,0,0,0,0,0,0,0,0,0,0,0,0,0,0,0,0,0,0,0,0,0,0,0,0,0.02222,0,0,0,1.12737,0,0,0.0024,0,0,0,0,0,0,0,0,0,0,0,0,0.47772,0,0,0.00929,0,0,0,0,0,0.11425,0,0,0,0.07555,0,0.00138,0.44071,0,0,0,0,0,0,0,0,0.01543,0,0,0.03803,0,0,0,0,0,0,0,0,0.00146,0.00147,0,0,0,0.00077,0,0.00508,0,0,0,0,0,0,0,0,0,0,0,1e-04,0,0,0,0,0,0,0,0,0,0,0,0,0,0,0,0,0,0,0,0,0,0,0,0,0,0,0,0,0,0,0,0.00114,0,0,0,0,0,0,0,0,0,0,0,0,0,0,0,0,0.04878,0.48138,0.52738,0,0,0.01595,0.03633,0.00408,0.00051,0.00171,6.44932,0,0,0,0.01226,0.00043,4.50597,0,4.10266,0,1.08229,0,0,0,0,0.00639,0,0,0,0,0,0,0,0,0,0,0,0,0.00075,0,0,0.00159,0,0.00587,0,0,0.00096,0,0,0,0,0,0,0,0,0,0,0,0,0.03962,0.00257,0.00119,0,0,0,0,0.00855,0,0.01168,0.00448,0,0.00752,0,0.03628,0,0,2.76102,0,0,0,0,11.51957,0.02245,0,0,0.1388,3.17505,0.01991,0,0.79346,0.3482,7.03042,0.00453,0,0,0.09056,0,0,0,0,0,0,0,0,0,0,0,0,0,0,0,0,0.00681,0.00925,0.01189,0,0,0,0.01683,0,0,0.00413,0,0,0,"control",54,0.0390625,1
"CCMD68973846ST.11.0","PRJEB27928",0,0,0,0,0,0,0,0,0,0,0,0,0,0,0,0,0,0,0,0,0,0,0,0,0,0,0,0,0,0,0,0,0,0,0,0,0.00889,0,0,0,0,0,0,0,1.76637,0,0,0.0118,0.25677,0.27556,1.42166,0.01157,0.16569,0,0,0,0,0,0,0,0,0,0,0,0,0,0,0,0.08755,0,0,0,0,0,0,0,0,0,0,0,0,0,0,0.07145,0,0.25742,0.2655,0.14541,0,0,0.95942,0,0,0.13832,0,0,0,0.29892,3.86287,0,0,0.34285,0,0,0,0,1.26434,0,0,0,0,0,0,0,0,0,0,0,0,0,0,2.21031,10.54271,1.85379,0,0,0,0.48113,0,0,0.82336,0,0,0,0,0.02624,0,0.07119,0,0,0,0,0.18857,0.0213,0,0,0,0,0,0,0,0,0,0,0,0,0,0,0,0,0,0,0,0,0,0,0,0,0,0,0,0,0,0,0,0,0,0,0,0,0,0,0,0,0,0,0,0,0,0,0,0,0,0,0,0,0,0,0,0,0,0,0,0,0,0,0,0,0,0,0,0.25681,0,0,0,0,0,0,0,0,0,0,0,0,0,0,0,0,0.97449,0,0,0,0,0,0,0,0,0,0,0.47361,1.39281,0,0,0,0,0,0,0,0,0,0,0,0,0,0,0,0,0,0,0,0,0,0,0,0,0.0538,0,0,0,0,0,0,0.44757,0.05663,0.02398,0,0,0,0,0,0,0,0,0,0,0,0,0,0,0,0,0,0,0,0,0,0,0,0,0,0,0,0,0,0,0,0,0,0,0,0.01854,0,0,0,0,0,0,0,0,0,0,0,0,0,0,0.59625,0.32345,0,0,0.21199,8.78098,0,2.0726,0,0,0,0,0,0,8.88411,0,0,0.00078,0,0,0,0,0,0,0,0,0,0,0,0,0,0,0,0,0,0,0,0,0,0,0,0,0,0,0,0,0,0,0,0,0.03178,0,0,0,0,0,0,0,0,0,0,0,0,0,0.00781,0,0,0.88532,0,0,0,0.00083,0,0.06499,0.17744,0,0,0,0,0,0,0,0,0,0,0,0,0,0,0,0,0,0,0,0,0,0,0,0,0,0,0,0,0,0,0,0,0,0,0,0,0,0,0,0,0,0,0,0.06189,0.01158,0,0,0,0,0,0,0,0,0,0,0,0,0,0,0,0,0,0,0,0,0,0,0,0,0,0,0,0,0,0,0,0,0,0,0,0,0,0,0,0,0,0,0,0,0.29308,0,0,0,0,0,0,0,0,0.93243,0,0,0,1.80527,0,0,0.92501,0,0,0,0,0,0,0,0,0,0,0,0,0,0,0,0,0,0,0,0,0,0,0,0,0,0,0,0,0,0,0,0,0,0,0,0,0,0,0,16.48913,0,0,0,0,0,0,0,0,0,0,0,0,0,0,0,0,0,0,0,0,0,0,0,0,0,0,0,0,0,0,0,0,0,0,0,0,0,0,0,0,0,0,0,0,0,0,0,0,0.22619,0,1.57362,0,0,0,0,0,0,0,0,0,0,0,0,0,0.19519,0,0.81879,0,0.26834,0,0,0,0,0,0,0,0,0,0,0,0,0,0,0,0,0,0,0,0,0,0,0,0,0,0,0,0,0,0,0,0,0,0,0,0,0,0,0,0,0,0,0,0,0,0,0,0,0,0,0,0,0,0,0,0.02797,0,0,0,0,0.04962,0.00182,0,0,0,0.19448,0,0,0,0,22.15868,0,0,0,0.07758,0,0,0,0,0,0,0,0,0,0,0,0,0,0,0,0,0,0,0,0,0,0,0,0,0,0,0,0,0,"control",106,0.0390625,1
"CCMD99929634ST.11.0","PRJEB27928",0,0,0,0,0,0,0,0,0,0,0,0,0,0,0,0,0,0,0,0,0,0,0,0,0,0,0,0,0,0,0,0,0,0,0,0,0.06395,0,0,0,0,0,0,0,1.07655,0,0,0.00471,0,0,5.91415,0.02523,0.21656,0,0,0,0,0,0,0,0,0,0,0,0,0,0,0,0.09935,0,0,0,0,0,0,0,0,0,0,0,0,0,0,0.0667,0,0.65001,0.97072,0,0,0,0.24874,0,0,0,0,0,0,0,0,0,0,1.10673,0,0,0,0,0.00485,0,0,0,0,0,0,0,0,0,0,0,0,0,0,0.2125,0.58602,2.43736,0.0323,0,0,0,0,0,3.53992,0,0,0,0,0,0,0,0,0,0,0,0.42186,0.02132,0,0,0,0,0,0,0,0,0,0,0,0,0,0,0,0,0,0,0,0,0,0,0,0,0,0,0,0,0,0,0,0,0,0,0,0,0,0,0,0,0,0,0,0,0,0,0,0,0,0,0,0,0,0,0,0,0,0,0,0,0,0,0,0,0,0,0,0,0,0,0,0,0,0,0,0,0,0,0,0,0,0,0,0,2.89708,0,0,0,0,0,0,0,0,0,0,0.17333,0.13849,0,14.15256,0,0,0,0,0,0,0,0,0,0,0,0,0,0,0,0,0,0,0,0,0,0,0,0,0,4.53146,0,0,0,0.50443,1.43562,0,0,0,0,0,0.00145,0,0,0,0,0,0,0,0,0,0,0,0,0,0,0,0,0,0,0,0,0,0,0,0,0,0,0,0,0,0,0,0,0,0,0,0.01291,0,0.00948,0,0,0,0,0,0,0,1.14166,1.29728,0,0,0.19143,24.82352,0,0.25872,0,0.05001,0,0,0,0,13.24719,0,0,0,0,0,0,0,0,0,0,0,0,0,0,0,0,0,0,0.00692,0,0,0,0,0,0,0,0.7345,0,0,0,0,0,0,0,0,0.00052,0,0.00463,0,0,0,0,0,0,0,0,0,0,0,0,0,0,0.11769,0,0,0,0.03033,0,0.0222,0.09109,0,0,0,0,0,0,0,0,0,0,0,0,0,0,0,0,0,0,0,0,0,0,0,0,0,0,0,0,0,0,0,0,0,0,0,0,0,0,0,0,0,0,0,0.00532,0,0,0,0,0,0,0,0,0,0,0,0,0,0,0,0,0,0,0,0,0,0,0,0,0,0,0,0,0,0,0,0,0,0,0,0,0,0,0,0,0,0,0,0,0,0.91123,0,0,0,0,0,0,0,0,0.40241,0,0,0,0,0,0,1.92247,0,0,0,0,0,0,0,0,0,0,0,0,0,0,0,0,0,0,0,0,0,0,0.05113,0,0,0,0,0,0,0,0,0,0,0,0,0,0,0,0,0,0,0,0,0,0,0,0,0,0,0,0,0,0,0,0,0,0,0,0,0,0,0,0,0,0,0,0,0,0,0,0,0,0,0,0,0,0,0,0,0,0,0,0,0,0,0,0,0,0.87698,1.31715,0.57837,0,0,0,0,0,0,0,0.00163,2.18894,0,0,0,0.56116,0.69998,0,0.37598,0,0.42548,0,0,0,0,0,0,0,0,0,0,0,0,0,0,0,0,0,0,0,0,0,0,0,0,0,0,0,0,0,0,0,0,0,0,0,0,0,0,0,0,0,0,0,0,0,0,0,0,0,0,0,0,0,0,0,0,0,0,0,0,0.02074,0.01377,0,0,0,0.11765,0,0,0,0,5.54346,0,0,0,0,0,0,0,0,0,0,0,0,0,0,0,0,0,0,0,0,0,0,0.10906,0,0,0,0.23863,0,0,0,0,0,0,"control",121,0.0390625,1
"DRR127619","PRJDB4176",0,0,0,0,0,0,0,0,0,0,0,0,0,0,0,0,0,0,0,0,0,0,0,0,0,0,0,0,0,0,0,0,0,0,0,0,0,0,0,0,0,0,0,0,0,0,0,0,0,0,0,0,0,0,0,0,0,0,0,0,0,0,0,0,0,0,0,0,0,0,0.74912,0,0,0,0,0,0,0,0,0,0,0,0,0,0,0,0,0,0,0,0,0,0,0,0,0,0,0,0,0,0,0,0,0,0,0,0,0,0,0,0,0,0,0,0,0,0,0,0,0,8.59548,0.07909,0.24292,27.21928,1.85369,0,0,0,0,0,0,0,0,0,0,0,0,4.08781,0,0,0,0,0,0,0,0,0,0,0,0,0,0,0,0,0,0,0,0,0,0,0,0,0,0,0,0,0,0,0,0,0,0,0,0,0,0,0,0,0,0,0,0,0,0,0,0,0,0,0,0,0,0,0,0,0,0.01534,0,0,0.1925,0,5.69172,0,0,0,0.78143,0,0,0,0,0,0,0,0,0,0,0.05238,0,0,0,0,0,0,0,0,0,0,0,0,0,0,0,0,0,0,0,0,0,3.12175,0,0,0,0,0,0,0,0,0,0,0,0,0,0,0,0,0,0,0,0,0,0,0,0,0,0,0,0,0,0,0,0,0,0,0,0.72858,0.45937,0,0,0,0,0.0032,0,0,0,0.04509,0,0,0,0,0,0,0,0,0,0.12383,0,0,0,0,0,0,0,0,0,0,0,0,0,0,0,0,0,0.02227,0,0,0,10.55294,0,0.67561,0,0,0,0,0,0,0,0,0,0,0,0,0,0,0,0,0,0,0,0,0,0,0,0,0.00335,0,0,0,0,0,0,0,0.91619,0.01005,0,0,0.01804,0,0.03518,0,0,0.00507,0,0.02235,0,0,0,0,0,0,0,0,0,0,0,0,0,0,0,0,0,0,0,0,0,0,0,0.01157,0,0,2.69526,0,0,0.11779,0,0,0,0,0,0.00118,0,0,0,0,0,0,0,0,0,0,0,0,0,0,0,0,0,0,0,0,0,0,0,0,0,0,0,0,0,0,0,0,0,0,0,0,0,0,0,0,0,0,0,0,0,0,0,0,0,0,0,0,0,0,0,0,0,0,0,0,0,0,0,0,0,0,0,0,0,0,0,0,0,0,0,0,0,0,0,0,0,0,0,0,0,0,0,0,0,0,0,0,0,0,0,0,0,0,0,0,0.02691,0,0,0,0,0,0,4.68521,0,0,0,0,0,0,0,0,0,0,0,0,0,0,0,0,0,0,0,0,0,0,0.11503,0,0,0,0,0,0,0,0,0,0,0,0,0,0,0,0,0,0,0,0,0,0,0,0,0,0,0,0,0,0,0,0,0,0,0,0,0,0,0,0,0,0,0,0,0,0,0,0,0,0,0,0,0,0,0,0,0,0,0,0,0,0,0,0,0,0,0,0,0,0,0,0,0,0,0,0,0,0,0,9.71193,0,0.00063,0,0,0,2.12564,0,0,0,0,0,0,0,0,0,0,0,0,0,0,0,0,0,0,0,0,0,0,0,0,0,0,0,0,0,0,0,0,0,0,0,0,0,0,0,0.28527,0,0,0,0,0,0,0,0.02878,0,0,0,0,0.06014,0,0,0.01338,0,0,0,0,0,0.01854,0,0,0,1.0043,0,0,0,0,0.00636,0,0,0,0,0,0,0,0,0,0,0,0,0,0,0,0,0,0,0,0,0,0,12.78845,0,0,0,0,0,0,0,0,0,0,"control",163,0.0390625,1
"DRR127736","PRJDB4176",0,0,0,0,0,0,0,0,0,0,0,0,0,0,0,0,0,0,0,0,0,0,0,0,0,0,0,0,0,0,0,0,0,0,0,0,0,0,0,0,0,0,0,0,0,0,0,0,0,0,0.26789,0,0,0,0,0,0,0,0,0,0,0,0,0,0,0,0,1.15435,0,0,0.12702,0,0,0,0,0,0,0,0,0,0,0,0,0,0,0,0,0,20.06593,0,1.24679,7.13491,0,0,0,0,0,0,14.43705,0,0,0,0,0,0,0,0,0,0,0,0,0,0,0,0,0,0,0,0,0,0.00233,1.89622,2.0511,3.29601,0,0,0,0,0,0,0,0,0,0,0,0,0,5.96006,0,0,0,0,0.23584,0.01451,0,0,0,0,0,0,0,0,0,0,0,0,0,0,0,0,0,0,0,0,0,0,0,0,0,0,0,0,0,0,0,0,0,0,0,0,0,0,0,0,0,0,0,0,0,0,0,0,0,0,0,0,0,0,0.10057,0,0.28168,0,0,0,0,0,0,0,0,0,0,0,0,2.26263,0,1.07344,0,0,0,0,0,0,0,0,0,0,0,0.39039,0,0,0,0,0,0,0,0,0,2.95024,0.17356,0,0,0,0,0,0,0,0,0,0,0,0,0,0,0,0,0,0,0,0,0,0,0,0,0,0,0,0,0,0,0,0,0,0,0,0,0,0,0,0,0,0,0,0,0.30436,0,0,0,0,0,0,0,0,0,0,0,0,0,0,0,0.05372,0,0,0,0,0,0,0,0,0,0,0,0,0,0,0,5.17484,0,0,0,0,0,0,0,0,0,0,0,0,0,0,0,0,0,0,0,0,0,0,0,0,0,0,0.05127,0,0,13.55412,0,0,0,0,0,0,0,0,0,0,0.00522,0.00053,0,0,0,0.0042,0,0,0,0,0.06392,0,0,0,0,0,0,0,0,0,0,0,0,0,0,0,0,0.0739,0,0,0,0,0.12194,0.0367,0,0.08478,0,0,0.00243,0,0,0,0.01389,0,0.69013,0,0,0,0,0,0,0,0,0,0,0,0,0,0,0,0,0,0,0,0,0,0,0,0,0,0,0,0,0,0,0,0,0,0,0,0.00097,0,0,0,0,0,0,0,0,0,0,0,0,0,0,0,0,0,0,0,0,0,0,0,0,0,0,0,0,0,0,0,0,0,0,0,0,0,0,0,0,0,0,0,0,0,0,0,0,0,0,0,0,0,0.00988,0,0,0,0,0,0,0,0,0,0,0,0,0.06166,0,5.14377,0,0,0,0,0.23586,0.88956,0,0,0,0,0,0,0,0,0,0,0,0,0,0,0,0,0,0,0,0,0,0,0,0,0,0,0,0,0,0,0,0,0,0,0,0,0,0,0,0,0,0,0,0,0,0,0,0,0,0,0,0,0,0,0,0,0,0,0,0,0,0,0,0,0,0,0,0,0,0,0,0,0,0,0,0,0,0,0,0,0,0,0,0,0,0,0,0,0,0,0,0,0,0,0,0,5.70652,0,0,0,0,0,0.33202,0,0,0,0,0,0,0,0,0,0,0,0,0,0,0,0,0,0,0,0,0,0,0,0,0,0,0,0,0,0,0,0,0,0,0,0,0,0,0,0.0312,0,0,0,0,0,0,0,0.00988,0,0,0,0,0.00361,0,0,0,0,0,0,0,0,0.01315,0,0,0,0,0,0,0,0,0.10237,0,0,0,0.69073,0,0,0,0,0,0,0,0,0,0,0,0,0,0,0,0,0,0,0.15562,0,0,0,0.4505,0,0,0,0,0,0,"control",177,0.0390625,1
"MMRS29805707ST.27.0.0","VogtmannE_2016",0,0,0,0,0,0,0,0,0,0,0,0,0,0,0,0,0,0,0,0,0,0,0,0,0,0,0,0,0,0,0,0,0,0,0,0,0.03006,0,0,0,0,0,0,0,0.12901,0,0,0.00109,0.00963,0.17636,3.27644,0.02772,1.07729,0.2219,0,0,0,0,0,0,0,0,0,0,0,0,0,0,0.03136,0,0,0.02306,0.03743,0,0,0,0,0,0,0,0,0,0,0.22023,0,13.03708,3.11453,0,0,0,0.00032,0,0,0.00132,0,1.2477,0,0,0.00025,0.35699,0,1.11877,0.35356,0,0,0,0,0,0,0,0,0,0,0,0,0,0,0,0,0,15.09227,0.19304,0.00293,1.50261,0.89074,0,0,0,0,0,0,0,0,0,0,0,0,0.06452,0.26471,0,0,0,0.41226,0.07154,0,0,0,0,0,0,0,0,0,0,0,0,0,0,0,0.14269,0,0,0,0,0,0,0,0,0,0,0,0,0,0,0,0,0,0,0,0,0,0,0,0,0,0,0,0,0,0,0,0,0,0,0.00491,0,0,0.03518,0.01999,0,0.05875,0,0,0.04488,0,0,0,0.03408,0,0,0,0.02109,0.00101,0,0,0,0.00028,0,0,0,0,0,0,0,0,0,0.09895,0.04199,0,0,0,0,0,0,0,0,0,0,0,0.05177,0.34671,0,2.76767,0,0,0,0,0,0,0,0,0,0,0,0,0,0,0,0,0,0,0,0,0,0,0.06435,0,0,0,0,0,0,0.59134,0.74038,0,0,0,0,0,0.01875,0,0,0,0.0887,0,0,0,0,0,0,0,0,0,0,0,0,0,0,0,0,0,0,0,0,0,0,0,0,0,0,0.00057,1e-04,0.00224,0.00331,0,0.02276,0,0.00365,0,0,0,0,0,0,0,2.93052,0.64962,0,0,0.38474,18.71696,0,0.74581,0.2408,1.30621,0,0,0,0,3.7191,0,0,0.06861,0,0,0,0,0,0,0,0,0,0,0,0,0,0.0019,0,0.0138,0,0,0.00237,0,0,0,0,0.01656,0,0,0,0,0,0,0,0,0.02926,0,0.01505,0,0,0,0,0,0,0,0,0,0,0,0.00791,0,0,0.06617,0.0033,0,0,0.92949,0,0.05576,0,7e-04,0,0,0,0,0,0,0,0,0,0,0,0,0,0,0,0,0,0,0,0,0,0,0,0,0,0,0,0,0,0,0,0,0,0,0,0,0,0,0,0,0,0,0.00672,0,0,0,0,0,0,0,0,0,0,0,0,0,0,0,0,0,0,0,0,0,0,0,0,0,0,0,0,0,0,0,0,0.00293,0,0,0,0,0,0,0,0,0,0,0,0,1.35921,0,0,0,0,0,0,0,0,0.23999,0,0,0,0.92261,0,0,3.35921,0,0,0,0,0,0,0,0.3495,0,0,0,0,0,0,0,0,0,0,0,0,0,0,0,0,0,0,0,0.00252,0,0,0,0,0,0,0,0,0,0,0,0.00214,0,0,0,0,0,0,0,0,0,0,0,0,0,0,0,0,0,0,0,0,0,0,0,0,0,0,0,0,0,0,0,0,0,0,0,0,0,0,0,0,0,0,0,0,0,0,0,0,0.67897,0.01007,1.37383,0,0,0,0.00564,0,0.00024,0,5.36997,0,0,0,0,0.00061,0.76846,0,0.96106,0,4.28457,0,0,0,0,0,0,0,0,0,0,0,0,0,0,0,0,0,0,0,0,0,0,0.00236,0,0,0,0,0,0,0,0,0,0,0,0,0,0,0,0,0.01385,0,0,0,0,0,0,0,0,0,0,0,0,0,0,0,0.44848,0,0,0,0,0.48799,0.00737,0,0,0,0.00154,0,0,0,0.10061,1.12721,0,0,0,0,0,0,0,0,0,0,0,0,0,0,0,0,0,0,0,0,0.00481,0,0.00421,0,0,0,0.00434,0,0,0,0,0,0,"control",226,0.0390625,1
"MMRS56137463ST.27.0.0","VogtmannE_2016",0,0,0,0,0,0,0,0,0,0,0,0,0,0,0,0,0,0,0,0,0,0,0,0,0,0.00236,0,0,0,0,0,0,0,0,0,0,0,0,0,0,0,0,0,0,0.14783,0,0,0.02493,0,0.30446,1.71382,0.00037,0.04027,0.05103,0,0,0,0,0,0.00257,0,0,0,0,0,0.00206,0,0,0.19208,0,0,0.01055,0.01535,0,0,0,0,0,0,0,0,0,0,0.02212,0,0.10952,0.00442,0,0,0,0,0,0,0,0,0.82943,0,0.00038,0.14145,0.07796,0.00488,0.02224,0,0,0,0,0,0,0,0,0,0,0,0,0,0,0,0,0,0,8.94171,2.22653,10.78144,29.98257,0.22795,0,0,0.22376,0,0,0,0,0,0,0,0,0,0.46206,0,0,0,0,0.2965,0.08297,0,0.04555,0,0,0,0,0,0,0,0,0,0,0,0,0,0,0.0252,0,0,0,0,0,0,0,0,0,0,0,0,0,0,0,0,0,0,0,0,0,0,0,0,0,0,0,0,0,0,0,0,0,0.02548,0.0068,0,0.03978,0,0,0.30518,0,0,0.02338,0,0,0,0.02147,0,0.01221,0,0.02891,0,0,0,0.02144,0,0,0,0,0,0,0,0,0,0,0,0.08887,0.99245,0.47163,0,0,0,0,0,0,0,0.04945,0,0,0.27702,0,0,0,0,0,0,0,0,0,0,0,0,0,0,0,0,0,0,0,0,0,0,0,0,0.05821,0,0,0,0,0,0,0.83847,0.31647,0,0,0,0,0,0.05191,0,0,0,0.08747,0,0,0,0,0,0,0,0,0,0,0,0,0.00012,0,0.00124,0,0,0,0,0,0,0,0,0,0,0.06402,0,0,0,0,0,0.96462,0,0,0,0,0,0,0,0,0.03353,4.51728,0.25432,0,0,0.26162,4.77835,0,0.00081,0.44495,0.42908,0,0,0,0,3.29457,0,0,0.03222,0,0,1.20651,0,0,0,0,0,0,0,0,0,0,0.00107,0,0,0,0,0,0,0,0,0,0,0,0,0,0,0,0,0,0,0.05253,0,0.00806,0,0,0,0,0,0,0,0,0,0,0,0.1471,0,0,0.53302,0.02103,0,0.0118,0.02809,0,0.05527,0,0,0,0,0,0,0,0,0,0,0,0,0,0,0.00299,0,0,0,0,0,0,0,0,0,0,0,0,0,0,0,0,0,0,0,0,0,0,0,0,0,0,0,0,0,0.00056,0,0,0,0,0,0,0,0,0,0,0,0,0,0,0,0,0,0,0,0,0,0,0,0,0,0,0,0,0,0,0,0,0,0,0,0,0,0,0,0,0,0,0,0,0,0.28017,0,0,0,0,0,0,0,0,0.08966,0,0,0,1.31261,0.17363,0,0.19216,0,0,0,0.18992,0.43847,0.0099,0,0,0,0,0,0,0,0,0,0,0,0,0,0,0,0,0,0,0,0,0,6e-05,0,0,0,0,0,0,0,0,0,0,0,0.00164,0,0,0,0,0,0,0,0,0,0,0,0,0,0,0,0,0,0,0,0,0,0,0,0,0,0,0,0,0,0,0,0,0,0,0,0,0,0,0,0,0,0,0,0,0,0,0,0,0.32391,0.03967,0.30382,0,0,0,0,0,0.00066,0,1.76428,0.01429,0,0,4.98002,0,2.21318,0,0.13151,0,4.9567,0,0,0,0,0,0,0,0,0,0,0,0,0,0,0,0,0,0,0,0.21739,0,0,0.00124,0,0,0,0,0,0,0,0,0,0,0,0,0,0,0,0.00035,0.00458,0,0,0,0,0,0,0,0.0015,0,0,0,0,0.00013,0,0,0.01541,0,0,0,0,0.04726,0.00057,0,0,0,0.21243,0,0,0,0.0613,2.63807,0,0,0,1.21264,0,0,0,0,0,0,0,0,0,0,0,0,0,0,0,0,0.01042,0,0.01093,0,0,0,0.00535,0,0,0,0,0,0,"control",240,0.0390625,1
"MMRS64281551ST.27.0.0","VogtmannE_2016",0,0,0,0,0,0,0,0,0.00329,0,0,0,0,0,0,0.00541,0,0,0,0,0,0,0,0,0,0,0,0,0,0,0,0,0,0,0,0,0.02202,0,0,0,0,0,0,0,0.13292,0,0,0.09054,0.05885,0.55893,0.02019,0,0.00058,0,0,0.07999,0,0,0,0,0,0,0,0,0,0,0,0,0.33867,0,0,0.00468,0.03658,0,0,0,0,0.00173,0,0,0,0,0,0.25123,0,0.0086,0.00108,0,0,0,0,0,0,0,0,0.10201,0,0.0025,0.01563,0,0,0.40915,0,0,0,0,0,0,0,0,0,0,0,0,0,0,0,0,0,0,0.03535,3.95537,3.56583,1.80106,0.09338,0,0,0.00385,0,0,0,0,0,0,0,0,0.00612,0,0,0,0,0,0.32512,0.03145,0,0,0,0,0,0,0,0,0,0,0,0,0,0,0,0.00317,0,0,0.00626,0,0,0,0,0,0,0,0,0,0,0,0,0,0,0,0,0,3.26306,0,0,0,0,0,0,0,0,0,0,0,0,0,0.00508,0.00096,0,0.0038,0.06473,0,0.01464,0,0,0.00126,0,0,0,0.00031,0,0,0.00449,0.02034,0,0,0,0,0,0,0,0,0,0,0,0,0,0,0.17897,0.00143,0.58196,0,0,0,0,0,0,0,0,0.00389,0,0.15228,0.21507,0,0,0,0,0,0,0,0,0,0,0,0,0,0,0,0,0,0,0,0,0,0,0,0.00232,0,0,0,0,0,0,0,0.32848,0.07525,0,0,0,0,0,0.00699,0,0,0,0.07122,0,0,0,0,0.00461,0,0,0,0,0,0,0,0,0.00208,0,0,0,0,0,0,0,0,0,0,0,0.01025,0,0,0,0,0,1.0794,0,0.1048,0,0,0,0.53416,0,0,0,2.87363,0.50774,0,0,0.08438,6.54217,0,0.03106,0,3.83435,0,0,0,0,9.49868,0,0,0.01617,0,0,0,0,0,0,0,0,0,0,0,0,0,0,0,0.03073,0,0,0.00277,0.0021,0,0,0,0.23379,0,0,0,0,0,0,0,0,0.02312,0,0,0,0,0,0,0,0,0,0,0,0,0.0029,0,0,0.00091,0.00715,0.00108,0,0,0.07089,0,0.01112,0.04945,0,0,0,0,0,0,0,0,0,0,0,0,0.00491,0.01665,0,0,0,0,0,0,0,0,0,0,0,0,0,0,0,0,0,0,0,0,0,0,0,0,0,0,0,0,0,0.00741,0,0,0,0,0,0,0,0,0,0,0,0,0,0,0,0,0,0,0,0,0,0,0,0,0,0,0,0,0,0,0,0,0,0,0,0,0,0,0,0,0,0,0,0,0,0.95011,0,0,0,0,0,0,0,0,0.14844,0,0,0,2.49786,0,0,7.17005,0,0,0,0,0,0,0,0.00012,0,0,0,0,0,0,0,0,0,0,0,0,0,0,0,0,0,0,0,0,0,0,0,0,0,0,0,0,0,0,0,39.10193,0,0,0,0,0,0,0,0,0,0,0,0,0,0,0,0,0,0,0,0,0,0,0,0.0128,0,0,0,0,0,0,0,0,0,0,0,0,0,0,0,0,0,0,0,0,0,0,0,0,0.34255,0.00199,0.0079,0,0,0,0.00417,0,0,0.0014,0.00153,0.30376,0,0,0.00614,1.72749,0.10284,0,0.65605,0,0.44594,0,0,0,0,0,0,0,0,0,0,0,0,0,0,0,0,0,0,0,0,0,0,0,0,0,0,0,0,0,0,0,0,0,0,0,0,0,0,0,0,0,0,0,0,0,0,0,0.00115,0,0,0,0,0.00218,0.02876,0,0.06708,0,0,0,0,0.00864,0,0,0,0,0.00114,0,0,6e-04,0,2.48047,0.00031,0,0,0,0,0,0,0,0,0,0,0,0,0,0,0,0.00225,0.01735,0,0,0.04012,0.00195,0.02018,0,0,0,0.01266,0,0,0,0,0,0,"control",246,0.0390625,1
"MMRS84159866ST.27.0.0","VogtmannE_2016",0,0,0,0,0,0,0,0,0,0,0,0,0,0,0,0,0,0,0,0,0,0.00037,0,0,0,0.00324,0,0,0,0,0,0,0,0,0,0,0.01408,0,0,0,0,0,0,0,0.01031,0,0,0.00284,0,0.03766,1.43809,0.01898,0.14787,0,0,0.60167,0,0,0,0,0,0,0,0,0,0,0,0,0.52624,0,0,0,0.01292,0,0,0,0,0.00422,0,0,0,0,0,0.05849,0,0.66904,2.37793,0,0,0,0.3814,0.00022,0,0.00055,0,0,0,0.00053,1.22244,0,0,0.21805,0,0,0,0,0,0,0,0,0,0,0,0,0,0,0,0,0,0,0.27449,0.14427,0.31743,3.08725,0.08439,0,0,0.91299,0,0,0.00592,0,0,0,0,0,0,0.24493,0,0,0,0,0.02159,0.00226,0,0,0,0,0,0,0,0.01521,0,0,0,0,0,0,0.00697,0,0,0.00138,17.39209,0,0,0,0,0,0,0,0,0,0,0,0,0,0,0,0,0,0,0,0,0,0,0,0,0,0,0,0,0,0,0,0,0,0,0,0.02856,0,0,0,0,0,0,0,0,0,0,0,0,0.01945,0,0,0.01136,0,0,0,0,0,0,0,0,0,0,0,0,0,0.3801,0,0,0,0,0,0,0,0,0,0.02088,0.11329,0.96869,0.00043,4.23923,0,0.01402,0,0,0,0,0,0,0,0,0,0,0,0,0,0,0,0,0,0,0,0.00253,0.40948,0,0,0,0,0,0,0.21049,1.18434,0,0,0,0,0,0,0,0,0,0.00274,0,0,0,0,0.0082,0,0,0,0,0,0,0,0,0,0,0,0,0,0,0,0,0,0,0,0,0.00084,0.00217,0,0,0,0,0.00417,0,0,0,0,0,0,0,0.12371,0,1.46506,0.10956,0,0.00195,0.1138,1.34691,0,36.24637,0,0.00119,0,0,0,0,8.09954,0,0,0.00051,0,0,0,0,0,0,0,0,0,0,0,0,0,0.00051,0,0,0.00017,0,0.00257,0,0,0,0,0.04212,0,0,0,0,0,0,0,0,0.02058,0,0.01018,0,0,0,0,0,0.04997,0,0,0,0,0,0,0,0.01335,0.13818,0.00227,0,0,0.20452,0,0.05091,0,0,0,0,0,0,0,0,0,0,0,0,0,0,0,0,0,0,0,0,0,0,0,0,0,0,0,0,0,0,0,0,0,0,0,0.00155,0,0,0,0,0,0,0,0,0.00919,0,0,0,0,0,0,0,0,0,0,0,0,0,0,0,0,0,0,0,0,0,0,0,0,0,0,0,0,0,0,0,0,0.00342,0,0,0,0,0,0,0,0,0,0,0,0,0.33469,0,0,0,0.01216,0,0,0,0,0.37121,0,0,0,0.00308,0,0.00012,1.0106,0,0,0,0,0.00062,0,0,0,0,0,0,0,0,0,0,0,0,0,0,0,0,0,0.01157,0,0,0,0.00448,0,0,0,0,0,0,0,0,0,0,0,0,0.01777,0,0,0,0,0,0,0,0,0,0,0,0,0,0,0,0,0,0,0,0.00226,0,0,0,0.00653,0,0,0,0,0,0,0,0.03595,0,0,0,0,0,0,0,0,0,0,0,0,0,0,0,0,0.05848,0.12014,1.46231,0,0,0,0.00368,0.00526,0.3032,0,0.43632,0.21368,0.04496,0,0,2.184,0.35506,0,0.39682,0,2.13883,0,0,0,0,0,0,0,0,0,0,0,0,0,0,0,0,0,0,0,0,0,0,0.00182,0,0,0,0,0,0,0,0,0,0,0,0,0,0,0,0,0,0,0.00166,0,0,0,0.01461,0,0.00314,0,0,0,0,0.00366,0,0,0.03419,0,0,0,0,0.07085,0.00045,0,0,0,0,0,0,0,0,1.29596,0.08901,0.02214,0,0,0,0,0,0,0,0,0,0,0,0,0,0,0,4e-04,0,0,0.00078,0.0145,0.12265,0,0,0,0.06245,0,0,0,0,0,0,"control",257,0.0390625,1
"SID31333","FengQ_2015",0,0,0,0,0,0,0,0,0,0,0,0,0,0,0,0,0,0,0,0,0,0,0,0,0.00066,0.00155,0,0,0,0,0,0,0,0,0,0.00077,0,0,0,0,0,0,0,0,0.01895,0,0,0,0,1e-04,0,0,0.01113,0,0,0,0,0,0,0,0,0,0,0,0,0,0,0,0.02108,0,0,0,0,0,0,0,0,0,0,0,0,0,0,0,0,0.00554,0.01407,0,0,0,0.00119,0,0,0,0,0,0,0.02088,0,0,0,0.07467,0,0,0,0,0,0,0,0,0,0,0,0,0,0,0,0,0,0,0.0639,0.00825,0.1497,0.11703,0,0,0,0.00445,0,0,14.53566,0,3.47873,0,0,0.00059,0,10.51655,0,0,0,0,0.05229,0.01425,0,0,0,0,0,0,0,0,0,0,0,0,0,0,0.01067,0.00098,0,0,0.06389,0,0,0,0,0,0,0,0,0,0,0,0,0,0,0,0,0,1.86559,0,0,0,0,0,0,0,0,0,0,0,0,0,0,0,0,0,0.15974,0,0.00033,0,0,0,0,0,0,0,0,0,0,0.00385,0,0,0,0,0,0,0,0,0,0,0,0,0,0,0,0,4.38347,0,0,0,0,0,0,0,0,0,0,0.02412,1.08289,0,0,0,0,0,0,0,0,0.00161,0,0,0,0,0,0,0,0,0,0,0,0,0.00194,0,0,0,0,0,0,0,0,0,0.84635,2.47456,0,0,0,0,0,0.01267,0,0,0,0.00778,0,0,0,0,0,0,0,0,0,0,0,0,0,0,0,0,0,0,0,0,0,0,0,0,0,0,0,0,0,0.00064,0,0,0,0.00336,0,0,0,2.15044,0,0,0,0.04205,2.14279,0,0,0.00099,15.20662,0,1.60967,0,0,0,0,0,0,8.55557,0,0,0.00245,0,0,0,0,0,0,0,0,0,0,0,0,0,0.00067,0.00013,0,0,0,0.00196,0,0,0,0,0,0,0,0,0,0,0,0,0,0.02115,0,0,0,0,0,0,0,0,0,0,0,0,0.00499,0,0,0,0,0,0,0,0.01231,0,0.00431,0.38331,0,0,0,0,0.08475,0,0,0,0,0,0,0,0,0,0,0,0,0,0,0,0,0,0,0,0,0,0,0,0,0,0,0.00687,0,0,0,0,0,0,0,0,0,0,0,0.00143,0,0,0,0,0,0,0,0,0,0,0,0,0,0,0,0,0,0,0,0,0,0,0,0,0,0,0,0,0,0,0,0,0.00523,0,0,0,0,0,0,0,0,0,0,0,0,0,0,0,0,0.00157,0,0,0,0,0.00962,0,0,0,0.00926,0.00242,0,0.0836,0,0,0,0,0,0,0,0.00116,0,0,0,0,0,0,0,0,0,0,0,0,0,0,0.44966,0,0,0,0,0,0,0,0,0,0,0,0,0,0,0,0,0,0,0,0,0,0,0,0,0,0,0,0,0,0,0,0,0,0,0,0,0,0,0,0,0,0,0,0,0,0,0,0,0,0,0,0,0,0,0,0,0,0,0,0,0,0,0,0,0,0.02321,0.10005,0.92211,0,0,0,0.00086,0.00385,0,0,18.65609,1.72635,0,0,0,0.10461,1.16589,0,2.15085,0,0.72419,0,0,0,0,0,0,0,0,0,0,0,0,0,0,0,0,0,0,0,0,0,0,0,0,0,0,0,0,0,0,0,0,0,0,0,0,0,0,0,0.00013,0,0,0,0,0,0,0,0.00324,0,0,0,0,0.00404,0,0,0.00493,0,0,0,0,0.07982,0.00552,0,0,0,0.2112,0,0,0,0,2.50509,0.00598,0,0,0,0,0,0,0,0,0,0,0,0,0,0,0,0,0,0,0,0,0,0.01041,0,0,0,0.00633,0,0,0,0,0,0,"control",282,0.0390625,1
"SZAXPI015260.74","YuJ_2015",0,0,0,0,0,0,0,0,0,0,0,0,0,0,0,0.00363,0,0,0,0,0,0,0,0,0,0.01375,0,0,0,0,0,0,0,0,0,0,0,0,0,0,0,0,0,0,0,0,0,0,0,0,0,0,0.61823,0,0,0,0,0,0,0,0,0,0,0,0,0,0,0.0022,0,0,0.16469,0,0,0,0,0,0,0,0,0,0,0,0,0,0,0.58066,0.25934,0.14525,0,0,0.20285,0.01875,0.00459,0,0,0,0,0.02002,0.75237,0.0102,0,0.97353,0,0.37067,0,0,0,0,0,0,0,0,0,0,0,0,0,0,0,0,1.02833,0.94003,1.88146,3.50113,0.00616,0,0,0,0,0,0.00466,0,0,0,0.00759,0.00146,0.00158,3.08715,1.82332,0,0,0,0.14573,0.00887,0,0,0.001,0,0,0,0,0,0,0,0,0,0,0,0,0,0,0,0,0,0,0,0,0,0,0,0,0,0,0,0,0,0,0,0,0,0,0,0,0.00309,0,0,0,0,0,0,0,0.00435,0,0.32783,0,0.18578,0,0.08582,0.00745,0,0.68131,0,0,0,0,0,0,0.06238,0,0,0.00272,0,0.00254,0,0,0.00489,0,0,0,0,0,0,0,0,0,0,0,0.56217,0.61544,0,0,0.22938,0,0,0,0,0,0.02409,0,0.1316,0,0,0,0,0.00511,0,0,0,0,0,0,0,0,0,0,0,0,0,0,0,0,0,0,0,0.00677,0.14022,0,0,0,0,0,0,0.6716,0.13424,0,0,0,0,0,0.01195,0,0,0,0.19213,0,0,0,0,0.00901,0,0,0,0,0,0,0,0,0,0,0,0,0,0,0,0,0,0,0,0,0.00377,0.00252,0,0,0.00072,0,37.30459,0,10.66196,0,0,0,0,0,0,0,1.39087,0.08597,0,0.02782,0,8.83922,0,0,0,0,0,0.00135,0,0,6.00548,0,0,0,0,0,0,0,0,0,0,0,0,0,0,0,0,0.00706,0,0,0.00502,0,0.01906,0,0,0,0,1.00813,0,0,0.00888,0,0,0,0,0,0,0,0,0,0,0,0,0,0.1377,0,0,0,0,0.00239,0,0,0,0.00117,0,0,0,0,0,0,0.13321,0,0,0,0,0,0,0,0,0,0,0,0,0,0,0,0,0,0,0,0,0,0,0,0,0,0,0,0,0,0,0,0,0,0,0,0,0,0,0,0,0,0,0.00428,0,0,0,0,0,0,0,0,0,0,0,0,0,0,0,0,0,0,0,0,0,0,0,0,0.07466,0.07707,0,0,0,0,0.0075,0,0,0.00276,0,0,0,0,0,0,0,0,0,0,0.00552,0,0,0,0,0,0.00118,0.00096,0,0,0,0.00589,0,0,0.03204,0.00541,0,0.00128,0.07821,0,0,0.019,0,0,0,0,0,0,0,0,0,0,0,0,0,0,0,0,0,0,0,0,0,0,0,0,0,0,0,0,0,0,0,0,0,0,0,0,0,0,0,0,0,0,0,0,0,0,0,0,0,0,0,0,0,0,0,0,0,0,0,0,0,0,0,0,0,0,0,0,0,0,0,0,0,0,0,0,0.03413,0,0,0,0,0,0,0,0,0,0.07831,0.01288,0,0,0.00084,0.02267,0,0,0.00243,0.00366,0,0,0.00029,0.01121,0,0.4684,0,0.77865,0,0.89226,0,0,0,0,0,0,0,0,0,0,0,0,0,0,0,0,0,0,0,0,0,0,0,0,0,0,0,0,0,0,0,0,0,0,0,0,0,0,0.00412,0.17672,0,0,0,0,0,0.02486,0,0.01087,0,0,0,0,0.00486,0,0,2.22406,0,0,0,0,3.06152,0.03615,0,0,0,0.00167,0,0,0.11462,0,4.78807,0.00401,0,0,0.00588,0,0,0,0,0,0,0,0,0,0,0,0,0,0,0,0,0.10072,0.02766,0.03642,0,0,0,0.41911,0,0,0,0,0,0,"control",368,0.0390625,1
"SZAXPI015266.89","YuJ_2015",0,0,0,0,0,0,0,0,0.47593,0,0,0,0,0,0,0.01498,0,0,0,0,0,0,0,0,0,0,0,0,0,0,0,0,0,0,0,0,0,0,0,0,0,0.00256,0,0,0,0,0,0,0,0,0,0,0,0,0,0,0,0,0,0,0,0,0,0,0,0,0,0,0.03136,0,0,0.01091,0.02837,0,0,0,0,0,0,0,0,0,0,0,0,0,0,0,21.55066,0,11.5456,0,0,0,0,0,0,0,0,0,0,2.41129,0,9.79656,0,0,0,0,0,0,0,0,0,0,0,0,0,0,0,0,0,1.03608,0.88861,0.00057,0.1177,0,0,0,0,0,0.26763,0,0,0,0,0.00357,0,0.19563,0.03589,0,0,0,0.70647,0.06228,0,0,0,0,0,0,0,0,0,0,0,0.00598,0,0,0,0,0,0,0,0,0,0.00048,0,0,0,0,0,0,0,0,0,0,0,0,0,0,0,0,0,0,0,0,0,0,0,0,0,0,0,0,0,0,0,0,0,0,0.01172,0,0,0,0,0,0,0,0,0,0,0,0,0,0,0.0083,0,0,0,0,0,0,0,0,0,0,0,0,0.05625,0.06125,0,0,0,0,0,0,0,0.03542,0.01456,0.03772,0.79718,0,0,0,0,0,0,0,0,0,0,0,0,0,0,0,0,0,0,0,0,0,0.00253,0,0.001,0,0,0,0,0,0,0,0.14375,1.1938,0,0,0,0,0,0,0,0,0,0.00452,0,0,0,0,0,0,0,0.00795,0,0,0,0,0,0,0,0,0,0,0,0,0,0,0,0,0,0,0,0,0,0,0,0.01229,0,0,0,0,0,0.09016,0,0,0,5.26897,0.20648,0,0,0.19365,9.03992,0,0,0,5.95805,0,0,0,0,8.51449,0,0,0.00224,0,0,0,0,0,0,0,0,0,0,0,0,0,0.00599,0,0,0,0,0.00478,0,0.00085,0,0,0.44276,0.05338,0,0.00412,0.00253,0,0,0,0,0,0,0,0,0,0,0,0,0,0,0,0,0,0,0,0,0,0,0,0,0,0.05837,0,0.00321,0.02443,0,0,0,0,0,0,0,0,0,0,0,0,0,0,0,0,0,0,0,0,0,0,0,0,0,0,0,0,0,0,0,0,0,0,0,0,0,0,0,0,0,0,0,0,0,0,0,0,0,0,0,0,0,0,0,0,0,0,0,0,0,0,0,0,0,0.01195,0.16117,0.43096,1.38592,0,0,0,0,0,0,0,0,0,0,0,0,0,0,0,0,0,0,0,0,0,0,0,0,0,0.00168,0,0,0,0.00238,0,0.01152,0,0.36626,0,0,0,0,0,2.75468,0,0,0,0,0,0,0,0,0,0,0,0,0,0,0,0,0,0,0,0.02676,0,0,0,0,0,0,0,0,0,0,0,0,0,0.00308,0,0,0,0,0,0,0,0,0,0,0,0,0,0,0,0,0,0,0,0,0,0,0,0,0,0,0,0,0,0,0,0,0,0,0,0,0,0,0,0.01578,0,0,0,0,0,0,0,0,0,0,0,0.02039,3.16923,3.54101,0,0,0,0.00891,0,0,0.0031,3.30848,0.11286,0,0.00019,0.00155,0.26475,0.29895,0,0.19134,0,0.12929,0,0,0,0,0,0,0,0,0,0,0,0,0.04772,0,0.00014,0,0,0,0,0,0,0,0,0,0,0,0,0,0,0,0,0,0,0,0,0,0,0,0,0.03315,0,0,0,0,0,0.00427,0,0.00425,0,0,0,0,0.00143,0,0,0.07693,0,0,0,0,0.47445,0,0,0,0,0,0,0,0,0,1.07296,0,0,0,0,0,0,0,0,0,0,0,0,0,0,0,0,0,0,0,0,0.45308,0.00222,0.05709,0,0,0,0,0,0,0,0,0.00431,0,"control",374,0.0390625,1
"SZAXPI015272.108","YuJ_2015",0,0,0,0.00639,0,0,0,0,0,0,0,0,0,0,0,0,0,0,0,0,0,0,0,0,0,0,0,0,0,0,0,0,0,0,0,0,0.01014,0,0,0,0,0,0,0,0,0,0,0.30757,0.02052,0.18512,4.66462,0.01406,0.86343,0,0,0,0,0,0,0,0,0,0,0,0,0,0,0,0.02448,0,0,0.01766,0.00739,0,0,0,0,0,0,0,0,0,0,0.64231,0,1.21925,1.2363,0.50482,0.0024,0,0.17944,0.00016,0.00084,0.55966,0,0.43402,0,0.00121,0.00022,0.00778,0,0.75096,0,0.00463,0,0,0,0,0,0,0,0.17722,0,0,0,0,0,0,0,0,10.53355,0.19442,13.5791,4.81816,0.06957,0,0,0,0,0,0.33799,0,0,0.02095,0,0,0,0.26306,0.14539,0,0,0,0.01724,0,0,0,0,0,0,0,0,0,0,0,0,0,0,0,0,0,0,0,0,0,0,0,0,0,0,0,0,0,0,0,0,0,0,0,0,0,0,0,0,0,0,0,0,0,0,0.00589,0,0,0,0,0,0,0,0.00049,0.02227,0,0,0,0,0.00617,0,0,0,0,0,0,0,0.00031,0,0.12562,0,0,0,0,0,0,0,0,0,0,1.27136,0,0,0.00144,0,0.03284,0,0,0.02072,0,0,0,0,0,0,0.10034,0.10267,0,1.76505,0,0,0,0,0,0,0,0,0,0,0,0,0,0,0,0,0,0,0,0,0,0,0,0,0,0,0,0,0,0.06726,0.05045,0,0,0,0,0,0,0,0,0,0,0,0,0,0,0,0,0,0,0,0,0,0,0,0,0,0,0,0,0,0,0,0,0,0,0,0,0,0,0,0,0,0.00832,0,0.01174,0,0,0,0,0,0.00353,0,4.78412,0.0852,0,0,0.00991,22.69664,0,4.89121,0,0.70115,0,0,0,0,5.67644,0,0,0.00414,0,0,0,0,0,0,0,0,0,0,0,0,0,0,0,0.00337,0,0,0,0,0,0,0,0.00758,0,0,0,0,0,0,0,0,0,0,0.00407,0,0,0,0,0,0,0,0,0,0,0.53524,0,0,0,0.01048,0,0,0,0.03321,0,0.00579,0,0,0,0,0,0,0,0,0,0,0,0,0,0,0,0,0,0,0,0,0,0,0,0,0,0,0,0,0,0,0,0,0,0,0,0,0,0,0,0,0,0,0,0,0,0,0,0,0,0,0,0,0,0,0,0,0,0,0,0,0,0,0,0,0,0,0,0.26182,0.43536,1.53352,0,0,0,0,0,0,0,0,0,0,0,0,0,0,0,0,0,0,0,0,0.44691,0,0,0,0,0,0,0,0,0.14479,0,0.00657,0,2.17258,0.22406,0.01394,1.06734,0,0,0,0,0,0,0,0,0,0,0,0,0,0,0,0,0,0,0,0,0,0,0,0,0,0,0,0,0,0,0,0,0,0,0,0,0,0,0,0,0,0,0,0,0,0,0,0,0,0,0,0,0,0,0,0,0,0,0,0,0,0,0,0,0,0,0,0,0,0,0,0.00259,0,0,0,0,0,0,0,0,0,0,0,0,0,0,0,0,0.48153,1.55857,2.51878,0,0,0,0,0,0,0.00068,1.25196,0.05675,0,0,0.14948,0,0.19685,0,0.23892,0,0.68031,0,0,0,0,0,0,0,0,0,0,0,0,0,0,0,0,0,0,0,0.01869,0,0,0,0,0,0,0,0,0,0,0,0,0,0,0,0,0,0,0,0.0203,0,0,0,0,0,0,0,0,0,0,0,0,0,0,0,0,0,0,0,0,0.05135,0,0,0,0,0,0,0,0,0,1.2585,0,0,0.01039,0,0,0,0,0,0,0,0,0,0,0,0,0,0,0,0,0,0,0,0,0,0,0,6e-04,0,0,0,0,0,0,"control",380,0.0390625,1
"CCIS17669415ST.4.0","ZellerG_2014",0,0,0,0.81286,0.26985,0,0,0,0,0,0,0,0,0,0,0,0,0,0,0.01269,0,0.01873,0,0.00713,0,0.03186,0.00653,0.3139,0,0,0,0,0,0,0,0.01074,0,0,0,0,0,0,0,0,1.23312,0,0,0.25158,0.00629,0.03446,0.69989,0.02975,0.17577,0,0,0,0,0,0,0.02465,0,0,0,0,0,0,0,0,0.41394,0,0,0.03264,0.0347,0,0,0,0,0.10747,0.09101,0,0,0,0,0.27248,0,0.57528,0.00103,0.00622,0,0.0113,0.18445,0.0142,0.14891,0,0,0.01465,0,0,0.59496,0,0,0.48852,0,0.16425,0,0,0.06018,0,0,0,0,0,0,0,0,0,0,0,0,0,1.01413,0.07171,0.13888,0.2428,0.00979,0,0,0.75607,0,0,2.60897,0,0,2.77484,0.0164,0.01511,0.06062,3.3656,0.40206,0,0,0,0.02889,0.00162,0,0.20649,0,0,0,0,0,0,0,0,0,0,0,0,0,0.00742,0,0,0.00473,0.006,0,0,0,0,0,0,0,0,0,0.00851,0.02848,0,0,0,0,0,0,0,0,0,0,0,0,0,0,0,0,0,0,0.00029,0.00462,0,0,0.01219,0.56698,0,0.01731,0,0,0.00726,0,0,0,0.02869,0,0,0.00271,0.11048,0,0.13601,0,0.01624,0.00049,0,0,0,0,0,0,0,0,0,0,0.02061,1.97546,0,0,0,0,0,0,0,0,0.07493,0.00797,0.78039,0,0,0,0,0,0,0,0,0,0,0,0,0,0,0,0,0,0,0,0,0.01217,0,0,0,0,0,0,0,0,0,0.01353,0,0,0.24989,0.15816,0,0,0,0,0,0,0,0,0.00698,0,0,0,0,0.01098,0,0,0,0,0,0,0,0.29583,0.15239,0,0,0,0,0,0,0,0,0,0,0,0.04971,0.02147,0,0,0.00714,0,1.38817,0,0,0,0,0,0,0,0,0,0.04148,1.86242,0.01967,0.07813,0,0.14772,0,0.39776,0,1.97194,0,0,0,0,4.95027,0,0,0.00322,0,0,0,0,0.01099,0.01015,0,0,0,0,0,0.03548,0.04432,0.1012,0,0.00025,0.02077,0,0.00026,0.01418,0,0,0,0.01353,0,0,0,0.0025,0,0,0,0.00072,0.05588,0,0,0,0,0,0,0.00763,0,0,0.00558,0,0,0.1193,0,0,0,0.17885,0.06613,0,0,0.15296,0,0.2155,0,0,0,0,0,0,0,0,0.00198,0,0,0,0,0.00163,0,0,0.0026,0.08563,0,0,0,0,0,0,0,0,0.05083,0,0,0,0,0,0,0,0,0,0.07674,0,0,0,0.04864,0,0,0,0.12032,0.00661,0,0,0,0,0,0,0,0,0,0,0,0,0.03736,0.00154,0,0,0,0,0,0,0,0.00149,0.00881,0.02488,0,0,0,0,0,0,0,0.0052,0,0,0,0,0,0,0,0,0,0,0,0,0.15814,0,0.0132,0.03235,0,0.00186,0,0,0,0.33642,0,0,0.00704,0.00215,0,0.26867,2.53998,0,0,0,0.15354,0.30776,0.00347,0.05101,0.01193,0.01089,0,0,0.03271,0,0,0,0,0,0,0,0,0,0,0,0,0.04723,0,0,0.00247,0,0,0,0.00811,0,0,0,0,0,0,0,0.00463,0,0,0,0,0,0,0,0,0,0,0,0,0,0,0,0,0,0,0,0,0,0,0,0,0,0,0,0,0,0,0,0.05813,0,0,0,0,0,0.00294,0,0,0,0,0,0,0,0,0,0,1.19999,0.01307,0.03005,0,0,0.0171,0.03098,0,0.01041,0.02274,27.06899,0.17782,0,0.00041,0.54283,0.0066,3.98343,0,4.68915,0,0.36882,0,0,0,0.00071,0,0,0,0,0,0,0,0,0,0,0,0,0,0.00508,0,0.07103,0,0,0.03919,0,0,0,0,0,0,0,0,0,0,0,0,0,0.00228,0,0.63593,0.01703,0.0175,0.01075,0,0,0,0.21834,0,0.0369,0,0,0,0,0.03376,0.15779,0,4.06247,0,0.01199,0,0,9.76765,0.21184,0.09217,0,0,0.28504,0.22945,0,0.30511,0.30672,4.4022,0.01149,0,0,0.00994,0,0,0,0,0,0,0,0,0,0,0,0,0.03541,0.09985,0,0,0.0296,0.02127,0.10789,0,0,0,0.04435,0,0,0,0,0,0,"CRC",392,0.0387596899224806,2
"CCIS41222843ST.4.0","ZellerG_2014",0,0,0,0,0,0,0,0,0,0,0,0,0,0,0,0,0,0,0,0,0,0.00357,0,0,0,0.00292,0,0,0,0,0,0,0,0,0,0.00356,0.1624,0,0,0,0,0,0,0,1.2906,0,0,0.118,0.09971,1.90523,2.2508,0.00866,0.00903,0,0,0,0,0,0,0.00348,0,0,0,0,0,0,0,0,1.06579,0,0,0.00093,0.01175,0,0,0,0,0.00543,0,0,0,0,0,0.3312,0,0,0,0,0,0,1.8015,0,0,0,0,0.63489,0,0,0,0,0,0,0,0.53828,0,0,0.00101,0,0,0,0,0,0,0,0,0,0,0,0,0,0,0,5.70542,0.44502,0,0,0,0,0,0,0,0,0,0.05194,0,0,0,0.01772,0.00329,0,0,0,0.44437,0.00087,0,0,0.00779,0,0,0,0,0,0,0,0,0,0,0,0,0,0,0,0.03377,0,0,0,0,0,0,0,0,0,0,0,0,0,0,0,0,0,0,0,0,0,0,0,0,0,0,0,0,0,0,0,0.00107,0.00033,0,0.00031,0,0,0.09468,0,0,0.02474,0.00098,0,0,0.00698,0,0,0.00123,0.1083,0.01077,0.01573,0,0,2e-04,0,0,0,0,0,0,0,0,0,0,0.00462,0.12311,0,0,0,0,0,0,0,0,0,0,0.5122,0.81217,13.96771,0,0,0.00478,0,0,0,0,0,0,0,0,0,0,0,0,0,0,0,0,0,0,0,0,0,0,0,0,0,0,0,1.04689,2.18066,0,0,0,0,0,0,0,0,0,0.01319,0,0,0,0,0,0,0,0,0,0,0,0,0.00133,0.00159,9e-05,0,0,0,0,0,0,0,0,0,0,0.00608,0.01241,0,0,0,0,0,0,0.00135,0,0,0,0.00086,0,0.0678,0,0.00715,2.61179,0.00176,0,0.85619,12.45967,0,3.40207,0,0.08098,0,0,0,0,3.46928,0,0,0.0012,0,0,0,0,0,0,0,0,0,0,0,0,0,0.02034,0,0.01167,0.00222,0,0.01257,0,0,0,0,0,0,0,0,0,0,0,0,0,0,0.05193,0,0,0,0,0,0,0,0,0,0,0,7.04354,0.01072,0,0,0.24097,0,0,0,0.86508,0,0.00247,0,0,0,0,0,0,0,0,0,0,0,0,0,0,0.00767,0,0,0.00072,0,0,0,0,0,0,0,0,0,0,0,0,0.00033,0,0,0,0,0,0.00256,0,0,0,0,0,0,0,0.00823,0,0,0,0,0,0.01101,0,0,0,0,0,0,0,0.00499,0,0,0,0,0,0,0,0,0,0,0,0,0,0,0,0,0,0,0,0,0,0,0,0,0,0,0,0,0,0,0,0,0,0,0,0.00074,0,0,0,0,0.01904,0,0,0,0.18097,0,0,0,0,0,0.32017,0,0,0,0,0,0,0,0,0.00018,0,0,0,0,0,0,0,0,0,0,0.06156,0,0,0,0,0,0,0,0,0,0,0,0,0,0,0,0,0,0,0,0,0,0,0,0,0,0,0,0,0,0,0,0,0,0,0,0,0,0,0,0,0,0,0,0,0,0,0,0,0.0169,0,0,0,0,0,0,0,0,0,0,0,0,0,0,0,0,0.07816,0.13077,0.78159,0,0,0,0,0,0.00186,0,16.4009,0,0,0,0.03083,0,0.72828,0,2.65383,0.10582,1.67894,0,0,0,0,0,0,0,0,0,0,0,0,0,0,0,0,0,0,0,0,0,0,0.00836,0,0,0,0,0,0,0,0,0,0,0,0,0,0,0,0,0,0,0,0,0,0,0,0,0,0,5e-04,0,0,0,0.01115,0,0.03968,0,0,0,0,0.11583,0.00536,0.0054,0,0,2.01745,0,0,0.00203,0.17345,4.86692,0.00565,0,0,0,0,0,0,0,0,0,0,0,0,0,0,0,0,0,0,0,0.00242,0,0.00077,0,0,0,0.00491,0,0,0,0,0,0,"CRC",402,0.0387596899224806,2
"CCIS48725289ST.4.0","ZellerG_2014",0,0,0,0,0,0,0,0,0,0,0,0,0,0,0,0.01366,0,0,0,0,0,0,0,0,0,0,0,0,0,0,0,0,0,0,0,0,0.24099,0,0,0,0,0,0,0,0.20298,0,0,0.00611,0.02836,0,0.01496,0.03295,0.2701,0,0,0.0805,0,0,0,0,0,0,0,0,0,0,0,0,1.36497,0,0,0,0.07196,0,0,0,0,0,0,0,0,0,0,0.34898,0,0,0.74512,0,0,0,0.01526,0,0.00059,0,0,3.00391,0,0,0,0.07851,0,1.37881,2.20983,0,0,0,0,0,0,0,0,0,0,0,0,0,0,0,0,0,0,1.42475,4.44942,2.26227,0,0,0,1.38898,0,0,0.58307,0,0,0,0,0,0.01963,0.14022,0,0,0,0,0.05349,0,0,0,0,0,0,0,0,0,0,0,0,0,0,0,0,0.05282,0,0,0,0.00781,0,0,0,0,0,0,0,0,0,0,0,0,0,0,0,0,0,0,0,0,0,0,0,0,0,0,0,0,0,0,0,0,0,0,0.50573,0,0,0,0.29021,0,0,0,0,0,0,0,0,0.02099,0,0,0,0,0,0,0,0,0,0,0,0,1.10161,0,0,0,0.71485,0,0,0,0,0,0,0,0,0.00465,0.05187,0.50407,1.97117,0,0.9724,0,0,0,0,0,0,0,0,0,0,0,0,0,0,0,0,0,0,0,0,0,0.01791,0.0356,0,0,4.48686,0,0,0,1.22246,1.24645,0,0,0,0,0,0,0,0,0,0.00388,0,0,0,0,0,0,0,0,0,0,0,0,0,0,0.00218,0,0,0,0,0,0,0,0,0,0,0,0,0,0,0.00113,0,0.01715,0,0.01662,0,0,0,0,0.00098,0,0,3.60851,5.28727,0,0,0.80001,13.20632,0.00205,1.09541,0,0.37794,0,0,0,0,10.91516,0,0,0,0,0,0,0,0,0,0,0,0,0,0,0,0,0.05409,0,0.05843,0.00036,0,0.03329,0,0.009,0,0,2.33091,0,0,0,0,0,0,0,0,0.0397,0,0,0,0,0,0,0,0,0,0,0,0,0.07022,0,0,0,0.05991,0,0,0,0.27808,0,0.02617,0,0,0,0,0,0,0,0,0,0,0,0,0,0,0.02563,0,0,0,0,0,0,0,0,0,0,0,0,0,0,0,0,0,0,0,0,0,0,0,0,0,0,0,0,0,0.08856,0,0,0,0,0,0,0,0,0,0,0,0,0,0,0,0,0,0,0,0,0,0,0,0,0,0,0,0,0,0,0,0,0.0075,0,0,0,0,0,0,0,0,0,0,0,0,0.40834,0,0,0,0,0,0,0,0,0.06291,0,0,0,0.51087,0.1356,0,0,0,0,0.12192,0,0,0,0,0.01148,0,0,0,0.00489,0,0,0,0,0,0,0,0,0,0,0,0,0,0.00167,0,0,0,0,0,0,0,0,0,0,0,0,0,0,0,0,0,0,0,0,0,0,0,0,0,0,0,0,0,0,0,0,0,0,0,0,0,0,0,0,0,0,0,0,0,0,0,0,0,0,0,0,0,0,0,0,0,0,0,0,0,0,0.03266,6.49606,4.04002,0,0,0,0.01379,0,0,0.01539,0.2734,0.24955,0.01884,0,0,2.94772,2.04575,0,1.89204,0.73404,1.95179,0,0,0,0,0,0,0,0,0,0,0,0,0,0,0,0,0,0,0,0,0,0,0.00029,0,0,0,0,0,0,0,0,0,0,0,0,0,0,0,0.01887,0.26976,0,0,0,0,0,0.08588,0,0.02797,0,0,0,0,0.01734,0.01221,0,0,0,0,0,0,0.06109,0.06109,0,0,0,0.13162,0,0,0.01326,0,4.44215,0,0,0,0,0,0,0,0,0,0,0,0,0,0,0,0,0.00693,0.0104,0,0,7e-04,0.00654,0.16829,0,0,0,0.41436,0,0,0,0,0,0,"CRC",409,0.0387596899224806,2
"CCIS52370277ST.4.0","ZellerG_2014",0,0,0,0,0,0,0,0,1.60195,0,0,0,0,0,0,0,0,0,0,0,0,0.00256,0,0,0,0.01895,0,0,0,0,0,0,0,0,0,0,0.11762,0,0,0,0,0,0,0,2.72073,0,0,0.00057,0.22455,0.38814,8.77303,0.00174,2.07627,0.18887,0,0,0,0,0,0.03666,0,0,0,0,0,0,0,0,0.01475,0,0,0.14804,0.14399,0,0,0,0,0.00061,0,0,0,0,0,0.21603,0.04541,0.0037,0,0,0,0,0.00253,0,3.26128,0.00043,0,3.07438,0,0,0.00018,1.38433,0,0.01784,0.01874,0,0,0,0.00332,0,0,0,0,0,0,0,0,0,0,0,0,0,0.02022,0.63793,0.02285,8.764,0.12472,0,0,2.2804,0,0,0.09944,0,0.34559,0.01461,0,1.31332,0.54621,1.48706,0.00049,0,0,0,0.78574,0.09038,0,0.17937,0,0,0,0,0,0,0,0,0,0,0,0,0,0.06891,0,0.00194,0.14215,0,0,0,0,0,0,0,0,0,0,0,0,0,0,0,0,0,0.00562,0,0,0,0,0,0,0,0,0,0,0,0,0,0.36852,0.22422,0,0.2291,0.00913,0,1.14638,0,0,0.08282,0,0,0,0.33248,0,0.0053,0,0.09889,0.00868,0,0,0.01464,0.04065,0,0,0,0,0,0,0.56856,0,0,0,0.13898,0.00943,0,0,0,0,0,0,0,0,0.04651,0.13456,0.60018,0.00458,0,0,0,0.08375,0,0,0,0,0,0,0,0,0,0,0,0,0,0,0,0,0,0,0,0.00941,0.00032,0,0,0.8596,0,0,0,0.00072,0.01098,0.02378,0,0,0,0,0.04595,0,0,0,0.35462,0,0.01809,0,0,0,0,0,0,0,0,0,0,0.00774,0.00823,0,0,0,0,0,0,0,0,0,0,0,0.02251,0.01018,0.03366,0,0.00412,0,2.65547,0,0,0,0,0,0.03175,0,0.11548,0,0.0093,2.05499,0,0,0.0032,6.84825,0,0.06857,0,0,0,0,0,0,8.46697,0,0,0.05824,0,0,0,0,0,0,0,0,0,0,0,0,0,0,0,0.00457,0,0,0.00101,0,0,0,0,0.02353,0,0,0,0,0,0,0,0,0,0.11628,0,0,0,0,0,0,0,0,0,0,0,0,0.07622,0,0,0.01579,0.21497,0,0.03082,0.42125,0,0.08138,0,0,0,0,0,0,0,0,0,0,0,0,0,0,0.0233,0,0.04106,0.02439,0,0,0,0,0,0,0,0,0,0,0,0,0,0,0,0,0,0,0.01146,0,0,0,0,0,0,0,0.00836,0,0,0,0,0,0,0,0,0,0,0,0,0,0.00249,0,0,0,0,0,0,0.00241,0,0,0,0,0.00206,0,0,0,0.00995,0,0,0.0176,0,0,0,0,0,0,0,0,0,0,0,0,1.6418,0,0,0,0,0,0,0,0.17372,0.84142,0,0.00224,0,0.01449,2.0005,0,0.03004,0,0,2.65385,0,0.00166,0,0,0.20297,0.09956,0,0,0.16731,0,0,0,0,0,0,0,0,0,0,0,0,0.08313,0,0.00598,0,0,0,0,0,0,0,0,0,0,0,0,0.00667,0,0,0,0,0,0,0,0,0,0,0,0,0,0,0,0,0,0,0,0,0,0,0,0,0,0,0,0,0,0,0,0.0078,0,0,0,0,0,0,0,0,0,0,0,0,0,0,0,0,0.00537,0.00144,9.2057,0,0,0.00016,0.00661,0,0.00441,0,0.04411,0.00232,0,0,0,0.01294,0.44849,0,4.72603,0,2.31639,0,0,0,0,0,0,0.00024,0,0,0,0,0,0,0,0,0,0,0,0,0,0,0,0,0,0,0.00022,0,0,0,0,0,0,0,0,0,0,0,0,0.05233,0.01338,0,0,0,0,0,0,0,0.00077,0,0,0,0,0,0.00024,0,0.09462,0,0,0,0,0.36905,0.04004,0,0,0,0.1657,0,0,0.04778,0.43162,5.06136,0.00022,0,0,0,0,0,0,0,0,0,0,0,0,0,0,0,0,0.00571,0,0,0.08179,0.01158,0.11547,0,0,0,0.26928,0,0,0,0,0,0,"CRC",411,0.0387596899224806,2
"CCMD21703880ST.11.0","PRJEB27928",0,0,0,0,0,0,0,0,0,0,0,0,0,0,0,0,0,0,0,0,0,0,0,0,0,0.00353,0,0,0,0,0,0,0,0.18524,0,0.00907,0,0,0,0,0,0,0,0,5.12823,0,0,0,0.01922,0.03197,3.44917,0.02566,0.19273,0,0,0,0,0,0.00962,0.06452,0,0.01319,0,0,0.02443,0,0,0,0.21245,0,0,0,0.04017,0.03656,0.00428,0,0,0.00055,0,0,0,0,0,0.10189,0.20303,3.53159,0.33157,0,0,0,0.29511,0,0.30618,0,0,0.02894,0,0,0.53016,0,0,0.88182,0.00035,0,0,0,0.82815,0,0,0,0,0,0,0,0,0,0,0,0,0,0,0.51551,0.71372,1.00679,2.00894,0.03319,0,2.22459,0,0,0.31187,0,0.56373,0,0,0.47856,0,0.2688,0,0,0,0,0.31459,0.02263,0,0,0,0,0,0,0,0,0,0,0,0,0,0,0,0,0,0,0,0,0,0,0,0,0.00604,0,0,0,0,0,0,0,0,0,0,0,1.36474,0,0,0,0,0,0,0,0,0,0,0,0,0,0.01872,0.34187,0,0,0.07841,0,0,0,0,0.00117,0,0,0,0.05288,0,0,0.01083,0.05595,0,0.2197,0,0,0,0,0,0,0,0,0,0,0,0,0,0.07922,2.17459,0,0,0,0,0,0,0,0,0,0,0.40031,0.07728,0,0,0,0,0,0,0,0,0,0,0,0,0,0,0,0,0,0,0,0,0,0,0,0.14239,0,0,0,0,0,0,0,0.08848,0.06382,0.11721,0,0,0,0,0,0,0,0,0.00464,0,0,0,0,0,0,0,0,0,0,0,0,0,0,0,0,0,0,0,0,0,0,0,0,0,0.1535,0.02728,0,0,0.02766,0,0.12206,0,0.00159,0,0,0,0.87585,0,0,0,0.02341,0.55889,0,0,0.04904,0.0069,0,2.39696,0,0.04067,0,0,0,0,0.94726,0,0.00123,0,0,0,0,0,0.06539,0,0,0,0,0,0,0,0.01582,0,0,0,0,0,0,0,0,0,0,0.05477,0,0,0,0,0,0,0,0,0,0,0,0,0,0,0,0.05759,0,0,0.06661,0,0,0,0,0,0,0.00588,0.04143,0,0,0.02649,0,0.01951,0.20919,0,0,0,0,0,0,0,0,0,0,0,0,0,0,0,0,0,0,0,0,0,0,0,0,0,0,0,0,0,0,0,0.00975,0,0,0,0,0,0,0,0,0,0,0,0,0,0.00547,0,0,0,0,0,0,0,0,0,0,0,0,0,0,0,0,0,0,0,0,0,0,0,0,0,0,0,0,0,0,0,0,0,0,0,0,0,0,0,0,0,0,0,0.88366,0,0,0.00036,0.03421,0,0,0,0,0.01257,0,0.00697,0,0.07661,0,0,0.20228,0,0,0.81459,0.05111,0.04966,0.01348,0,0,0.01771,0,0,0.12636,0,0,0,0,0,0,0,0,0,0.10008,0.06892,0,0.07597,0,1.81565,0.12402,0,0,0,0.14275,0.05383,0,0,0,0,0,0.00969,0.30952,0,0,0,0,0,0,0,0,0,0,0,0,0,0,0,0,0,0,0,0,0.19641,0,0,0,0,0,0,0,0,0,0,0,0,0,0,0,0.01931,0,0,0,0,0,0,0,0,0,0,0,0.16409,0.01136,0,0.60465,0,0,0,0,0.00377,0.00311,0.0029,0.0301,0.68594,0,0,0.21541,0.71829,0,0,0,0.31636,0,0,0,0,0,0,0,0,0,0,0,0,0,0,0,0,0,0,0,0,0.01243,0,0.00519,0,0,0,0,0,0,0,0,0,0,0,0,0,0,0,0.0416,0,0,0,0,0,0,0,0,0,0,0,0,0,0,0,0,0,0,0,0,0,0.02552,0,0,0,0,0,0.00141,0,0,1.06516,51.20718,0,0,0,0,0,0,0,0,0,0,0,0,0,0,0,0,0.0104,0.01863,0,0,0,0,0.00172,0,0,0,0.01059,0,0,0,0,0,0,"CRC",447,0.0387596899224806,2
"CCMD35633353ST.11.0","PRJEB27928",0,0,0,0,0,0,0,0,0,0,0,0,0,0,0,0,0,0,0,0,0,0.01086,0,0,0,0.00502,0,0,0,0,0,0,0,0.0017,0,0,0.00086,0,0,0,0,0,0,0,25.85076,0,0,0,0.02409,3.09082,1.19859,0.02729,1.51621,0,0.44548,0,0,0,0,0.00188,0,0,0,0,0,0,0,0,0.0536,0,0,0,0.07314,0,0,0,0.02509,0.01674,0.00413,0,0,0,0,0.34632,0,0.41792,2.96374,0,0,0,0.0332,0,0.00284,0.09215,0,0.14635,0,1.02729,0,0,0,0.13634,0,0,0,0,0,0,0,0,0,0,0,0,0,0,0,0,0,0,0.06747,0.30972,0.57624,1.54758,0.06231,0.00019,0,0.18628,0,0,1.88834,0,0,0,0,0,0.01827,0.24028,1.33239,0,0,0,0.22136,0.01672,0,0,0,0,0,0,0,0,0,0,0,0,0,0,0,0.00959,0,0,0,0,0,0,0,0,0,0,0,0,0,0,0,0,0,0,0,0,0,0,0,0,0,0,0,0,0,0,0,0,0,0,0,0,0,0.00801,0,0,0.01054,0,0,0.03814,0,0,0,0.08627,0,0,0,0.04064,0,0,0,0.00287,0.00047,0,0,0,0,0,0,0,4.84138,0,0,0.00969,0.4298,0,0,0,0,0,0,0,0,0.03249,0.05826,0.44517,0.91633,0,0,0,0,0,0,0,0,0,0,0,0,0,0,0,0,0,0,0,0,0,0,0,0,0,0,0,0,0,0,0,0.39469,0.50329,0,0,0,0,0,0.00443,0,0,0,0.00101,0,0,0,0,0,0,0,0,0,0,0,0,0,0,0,0,0,0,0,0,0,0,0,0,0,0,0.00025,0,0,0.00141,0,0.03379,0,0.00817,0,0,0,0.16802,0,0,0,9.84354,0.60281,0.00072,0,0.03102,1.00972,0,0.7139,0,0.44148,0,0,0,0,7.07943,0.09586,0,0.00105,0,0,0,0,0.00249,0,0,0,0,0,0,0,0,0,0,0.00583,0.00119,0,0.01879,0,0,0,0,0.15158,0,0,0,0,0,0,0,0,0,0,0.03063,0,0,0,0,0,0,0,0,0,0,0.09397,0,0,0,0.01566,0.00346,0,0,0.09401,0,0.02889,0,0,0,0,0,0.04227,0,0,0,0,0,0,0,0,0,0,0,0,0,0,0,0,0,0,0,0,0,0,0,0,0,0,0,0,0,0,0,0,0,0,0,0,0,0,0,0,0,0,0,0,0,0,0,0,0,0,0,0,0,0,0,0,0,0,0,0,0,0,0,0,0,0,0,0,0,0,0,0,0,0,0,0,0,0,0,0,0,0,0,0,0.44987,0,0,0,0.00718,0.00299,0,0,0,0.06123,0,0.0381,0,0.01763,0.93321,0.10645,0.10025,0,0,0.0326,0,0,0,0.00149,0.00665,0.02558,0,0,0.12236,0,0,0,0,0,0,0,0,0,0,0,0.0097,0.06703,0.01128,0.62809,1.01887,0,0,0.00547,0,0.10005,0,0,0,0,0,0,0,0,0,0,0,0,0,0,0,0,0,0,0,0,0,0,0,0,0,0,0,0,0,0,0,0,0,0,0,0,0,0,0.0037,0,0,0,0,0,0,0,0,0,0,0,0,0,0,0,0,0.29225,0,0.01565,0,0,0.00521,0.032,0,0.00125,0,5.75595,0.03146,0,0,0,1.84572,1.22102,0,0.18553,0,1.17141,0,0,0,0,0,0,0,0,0,0,0,0,0,0,0,0,0,0,0,0,0.00553,0,0.18602,0,0,0,0,0,0,0,0,0,0,0,0,0,0.00241,0,0.00311,0.00445,0,0,0,0,0,0,0,0.00394,0,0,0,0,0.00138,0,0,0.04962,0,0,0,0,0.0096,0,0,0,0,0.13128,0,0,0,0,10.11718,0.00027,0,0,0.09263,0.58622,0,0,0,0,0,0.00441,0.03868,0.00114,0,0,0,0.01125,0.02643,0,0,0.02073,0.00596,0.02236,0,0,0,0.0096,0,0,0,0,0,0,"CRC",455,0.0387596899224806,2
"CCMD79349503ST.11.0","PRJEB27928",0,0,0,0,0,0,0,0,0,0,0,0,0,0,0,0,0,0,0,0,0,0,0,0,0,0,0,0,0,0,0,0,0,0,0,0,0.09064,0,0,0,0,0,0,0,0,0,0,0.11989,0,0.64181,2.22124,0.11937,0.4159,0,0,0,0,0,0,0,0,0,0,0,0,0,0,0,0.05183,0,0,0,0,0,0,0,0,0,0,0,0,0,0,0.62462,0,1.25497,1.02358,0.67694,0,0,9.4303,4.48876,0,0.0319,0,0.25286,0,0,0,0,0,0.0089,0,0,0,0,1.63486,0,0,0,0,0,0,0,0,0,0,0,0,0,0.49882,1.96829,6.77643,0,0.21651,0,0,0.89721,0,0,0,0,0,0.38916,0,0,0,1.49698,0.51753,0,0,0,0.08311,0.00908,0,0,0,0,0,0,0,0,0,0,0,0,0,0,0,0,0,0,0,0,0,0,0,0,0,0,0,0,0,0,0,0,0,0,0,0,0.09496,0,0,0,0,0,0,0,0,0,0,0,0,0,0,0,0,0,0.08446,0,0,0,0,0,0,0,0,0,0,0,0,0.01162,0,0,0,0,0,0,0,0,0,0,0,0,0,0,0,0,0.21507,0,0,0,0,0,0,0,0,0,0,0.6189,0.89862,0,19.86238,0,0.01026,0,0,0,0,0,0,0,0,0,0,0,0,0,0,0,0,0,0,0,0,0,0,0,0,0,0,0,0.44906,0.0337,0,0,0,0,0,0,0,0,0,0,0,0,0,0,0,0,0,0.01352,0,0,0,0,0,0.01036,0,0,0,0,0,0,0,0,0,0,0,0,0.00165,0,0,0,0,0,0,0.03651,0,0,0,0,0,0.03897,0,7.49694,0.0824,0,0,0.24728,0,0,7.016,0,0,0,0,0,0,10.11558,0,0,0,0,0,0,0,0,0,0,0,0,0,0,0,0,0,0,0,0,0,0,0,0,0,0,0.01601,0,0,0,0,0,0,0,0,0.00762,0,0,0,0,0,0,0,0,0,0,0,0,0,0,0,0,0.0013,0.03268,0,0,0.00778,0,0.01629,0,0,0,0,0,0,0,0,0,0,0,0,0,0,0.02627,0,0,0,0,0,0,0,0,0,0,0,0,0,0,0,0,0,0,0,0,0,0,0,0,0,0,0,0,0,0.02494,0,0,0,0,0,0,0,0,0,0,0,0,0,0,0,0.02144,0,0,0,0,0,0,0,0,0,0,0,0,0,0,0,0,0,0,0,0,0,0,0,0,0,0,0,0,0,0,0.12856,0,0,0,0,0,0,0,0.1988,0,0.02987,0,0.13678,0,0.00338,1.46521,0,0,0,0,0,0,0,0,0,0,0,0,0,0,0,0,0,0,0,0,0,0,0,0,0,0,0,0,0,0,0,0,0,0,0,0,0,0.06923,0,0,0,0,0,0,0,0,0,0,0,0,0,0,0,0,0,0,0,0,0,0,0,0,0,0,0,0,0,0,0,0,0,0,0,0,0,0,0,0,0,0,0,0,0,0,0,0,0,0,0.04971,2.8755,0.65183,1.49859,0,0,0.02325,0,0.00234,0,0,0.64263,0,0,0.02026,0,0.35665,0,0,0,0.57283,0,0,0,0,0,0,0,0,0,0,0,0,0,0,0,0,0,0,0,0,0,0,0,0,0,0,0,0,0,0,0,0,0,0,0,0,0,0,0,0.04516,0,0,0,0,0,0,0,0,0,0,0,0,0,0,0,0.0136,0,0,0,0,0.13011,0.00294,0,0,0,1.35626,0,0,0,0,4.85129,0,0,0,1.21318,0,0,0,0,0,0,0,0,0,0,0,0,0,0,0,0,0,0,0,0,0,0,0.01208,0,0,0,0,0,0,"CRC",482,0.0387596899224806,2
"CCMD79987997ST.21.0","PRJEB27928",0,0,0,0,0,0,0,0,0,0,0,0,0,0,0,0,0,0,0,0,0,0.00192,0,0,0,0,0,0,0,0,0,0,0,0,0,0,0,0,0,0,0,0,0,0,35.71399,0,0,0,0,0,0,0,0,0.24443,0,0,0,0,0,0,0,0,0,0,0.0012,0,0,0.00444,0,0,0.06491,0,0.00533,0,0,0,0,0.0022,0,0,0,0,0,0,0,0,1.71318,0.00525,0,0,0,0,0,0,0,0,0,0.00449,0,0,0.00914,0,0,0,0,0,0,0,0,0,0,0,0,0,0,0,0,0,0,0,6.70834,0,20.76665,7.52578,0,0,0,0,0,0,0,0,0,0,0,0,0.00222,0,0,0,0,0,0,0,0,0.04922,0,0,0,0,0,0,0,0,0,0,0,0,0,0,0,0,0,0,0,0.00316,0,0,0,0,0,0,0,0,0,0,0,0,0,0,0,0,0,0,0,0,0,0,0,0,0,0,0,0,0,0.05002,0,1.61646,0.05202,0,0.00576,0,0,0.09076,1.78324,0,0,0.07192,0,0,0,0.03678,0,0,0,0,0.00369,0,0,0,0,0,0,0,0,0,0,1.03761,0,0,0,0,0,0,0,0,0,0.00341,0,0.21478,0.99738,0,0,0,0,0,0,0,0,0,0,0,0,0,0,0,0,0,0,0,0,0,0,0,0,0,0,0,0.00109,0,0,0,0,0.73821,0,0,0,0,0,0,0,0,0,0,0,0,0,0,0,0,0,0,0,0,0,0,0,0,0.01392,0,0,0,0,0,0,0,0,0,0,0,0,0,0,0,0,0.01676,0,0.01121,0,0,0,0,0,0,0.00549,0,0.16728,0.00106,0,0.03268,4.84513,0,1.57072,0,1.14475,0,0,0,0,0.01248,0,0,0.0234,0,0,0,0,0,0,0,0,0,0,0,0.00609,0,0.00517,0.0022,0,0.00449,0,0.00276,0,0,0,0,0.00054,0,0,0,0,0,0,0,0,0,0,0,0,0,0,0,0,0,0,0,0,0,0.12525,0,0,0,0.01968,0.00929,0,0.08158,0,0,0.06411,0,0,0,0,0,0,0,0,0,0,0,0.006,0,0,0.00607,0,0,0,0,0,0,0,0,0,0,0,0,0,0,0,0,0,0,0,0,0,0,0,0,0,0,0,0,0,0.06022,0,0,0,0,0,0,0,0,0,0,0,0,0,0.00242,0.08017,0,0,0,0,0,0,0,0,0,0,0,0,0,0,0,0,0,0,0,0,0,0,0,0,0,0,0,0,0,0,0,0,0,0,0,0.00599,0,0,0,0.00665,0,0,0,0,0,0,0,0,0,1.09981,0,0,0,0,0,0,0,0,0,0,0,0,0,0.00031,0,0,0,0,0,0.02659,0,0,0.00183,0,0,0,0,0,0,0,0,0,0,0,0,0,0,0,0,0,0,0,0,0,0,0,0,0,0,0,0,0,0,0,0,0,0,0,0,0,0.14787,0,0,0,0,0,0,0,0.00035,0,0,0,0,0,0,0,0,0,0,0,0,0,0,0,0,0.04555,0.96686,0.31185,0,0,0,0.00278,0,0.00041,0,0,0,0,0,0.02378,0.00281,0.07514,0,0,0,0.24264,0,0,0,0,0,0,0,0,0,0,0,0,0,0,0,0,0,0,0,0,0,0,0.0172,0,0,0,0,0,0,0,0,0,0,0,0,0,0,0,0,0.04602,0,0.00044,0,0,0,0.00368,0,0.00352,0,0,0,0,0.02414,0,0,0.0432,0,0,0,0,0.0122,0,0,0,0,0.07924,0,0,0,0,8.00135,0,0,0,0,0,0,0,0,0,0,0,0,0,0,0,0,0.00015,0.01611,0,0,0.10779,0.00033,0.43887,0,0,0.36977,0,0,0,0.00674,0,0,0,"CRC",483,0.0387596899224806,2
"CRC_MR_SBJ12C_17","ThomasAM_2018b",0,0,0,0,0,0,0,0,0,0,0,0,0,0,0,0,0,0,0,0,0,0,0,0,0,0,0,0,0,0,0,0,0,0,0,0,0.04346,0,0,0,0,0,0,0,0,0,0,0.11807,0.35335,0.16972,0.72374,0.09521,0.25549,0,0,0,0,0,0,0,0,0,0,0,0,0,0,0,1.2877,0,0,0,0.00671,0,0,0,0,0.00038,0,0,0,0,0,0.22853,0,1.41571,0.13477,0,0.22717,0,0.55204,0.19232,0.4467,0,0,0,0,0,1.15752,0,0,0,1.15898,0,0,0,0.47954,0,0,0,0,0,0,0,0,0,0,0,0,0,0.07809,0.06978,0.46191,0.77423,0.00785,0,0,1.28807,0,0,0,0,0.02697,0,0,0,0,0,0.13589,0,0,0,0.09953,0.01595,0,0,0,0,0,0,0,0,0,0,0,0,0,0,0,0,0,0,0,0,0,0,0,0,0,0,0,0,0,0,0,0,0,0,0,0,0,0,0,0,0,0,0,0,0,0,0,0,0,0,0,0,0,0,0.34108,0,0,0,0,0,0,0,0,0,0,0,0,0.00473,0,0,0,0,0,0,0,0,0,0,0,0,0,0,0,0,0.33221,0,0,0,0,0,0,0,0,0,0,1.07467,1.16169,0,29.8649,0,0,0,0,0,0,0,0,0,0,0,0,0,0,0,0,0,0,0,0,0,0,0,0,0,0,0,0,0,0.32657,1.81859,0,0,0,0,0,0.00192,0,0,0,0,0,0,0,0,0,0,0,0,0,0,0,0,0.15702,0.16922,1.71442,0,0,0,0,0,0,0,0,0,0,0,0,0,0,0.00296,0,0.4494,0,0.06836,0,0,0,1.98804,0,0,0,11.85338,2.53573,0,0,0.36582,2.76417,0,0,0,0.45916,0,0,0,0,7.19509,0,0,0,0,0,0,0,0,0,0,0,0,0,0,0,0,0.02641,0,0.00773,0.00478,0,0.02412,0,0,0,0,0.00565,0,0,0,0,0,0,0,0,0,0,5e-04,0,0,0,0,0,0,0,0.01042,0,0,0.20789,0,0,0.01459,0.10377,0.00412,0,0,0.09153,0,0.03531,0,0,0,0,0,0,0,0,0,0,0,0.0407,0,0,0,0,0,0,0,0,0,0,0.03149,0,0,0.01089,0,0,0,0,0,0.10021,0,0,0,0.09644,0,0,0,0,0,0,0,0,0.15282,0,0,0,0,0,0,0,0,0,0,0.00162,0.05597,0,0,0,0.04784,0,0,0,0,0,0,0,0,0,0,0,0,0,0,0,0.01106,0.06114,0,0,0,0,0,0,0,0,0,0,0,0,0.22327,0,0,0,0.00657,0.00026,0,0,0,0.3601,0,0,0,0,0.18111,0,0.742,0,0.7552,0,0.07281,0.2492,0.01249,0,0,0.01164,0,0,0.0242,0,0,0,0,0,0,0,0,0,0,0.22426,0,0,0.00635,0.99837,0,0,0,0,0,0,0,0,0,0,0,0,0.68219,0,0,0,0,0,0,0,0,0,0,0,0,0,0,0,0,0,0,0,0,0,0,0,0,0,0,0,0,0,0,0,0.00121,0,0,0,0,0,0,0,0,0,0,0,0,0,0,0,0,0.01741,0.00408,0.14782,0,0,0,0,0,0,0,0.0057,0,0,0.06946,0,3.38005,1.71288,0,1.89941,0,1.55834,0,0,0,0,0,0,0,0,0,0,0,0,0,0,0,0,0,0,0,0,0,0,0.00195,0,0,0.02948,0,0,0,0,0,0,0,0,0,0,0,0,0,0.18644,0,0,0,0,0,0,0,0.08158,0,0,0,0,0.00993,0,0,0.33836,0,0,0,0,0.57801,0.05235,0,0,0,0.35834,0,0,0.03577,0,4.76412,0,0,0,0.443,0,0,0,0,0,0,0,0,0,0,0,0,0.01402,0.02492,0,0,0,0,0,0,0,0,0.00254,0,0,0,0,0,0,"CRC",506,0.0387596899224806,2
"LILT_VF264_T017","ThomasAM_2018a",0,0,0,0,0,0,0,0,0,0,0,0,0,0,0,0,0,0,0,0,0,0,0,0,0,0,0,0,0,0,0,0,0,0,0,0,0,0,0,0,0,0,0,0,0.01315,0,0,0.07726,1.81684,7.31061,5.6321,0.39014,1.30135,2.8769,2.36544,0,0,0,0,0,0,0,0,0,0,0,0,0,0,0,0,0.105,0.11814,0,0,0,0,0,0,0,0,0,0,2.23326,0,1.04996,0,0.05308,0,0,0,0,0,0,0,0,0,0,3.89695,0,0,0.33816,0,0,0,0,0,0,0,0,0,0,0,0,0,0,0,0,0,0,3.47691,0.7253,25.76205,1.26871,0.02954,0,0,0.53246,0,0,0,0,0,0,0,0,0,0.38267,0,0,0,0,0,0,0,0,0,0,0,0,0,0,0,0,0,0,0,0,0,0,0,0,0,0,0,0,0,0,0,0,0,0,0,0,0,0,0,0,0,0,0,0,0,0,0,0,0,0,0,0,0,0,0,0,0.06028,0.00462,0,0.10046,0,0,0.16051,0,0,0.00253,0,0,0,0.03741,0,0,0,0.04303,0,0,0,0,0,0,0,0,0,0,0,0,0,0,0,0.0033,0.45465,0,0,0,0,0,0,0,0,0,0,0.01005,0.0404,0,0,0,0,0,0,0,0,0,0,0,0,0,0,0,0,0,0,0,0,0,0,0,0.00171,0.52067,0,0,1.53335,0,0,0,0.05333,0.00503,0,0,0,0,0,0,0,0,0,0.00961,0,0,0,0,0,0,0,0,0,0,0,0,0,0,0,0,0,0,0,0,0,0,0,0,0,0.00052,0.00055,0,0,0,0,0.00556,0,0.02691,0,0,0,0,0,0,0,0.01246,0,0,0,0.00403,0.47155,0,0.00355,0,0.04406,0,0,0,0,12.00024,0,0,0.01617,0,0,0,0,0,0,0,0,0,0,0,0,0,0,0,0.00012,0,0,0,0,0,0,0,0,0,0,0,0,0,0,0,0,0.09444,0.33683,0,0,0,0,0,0,0,0,0.01039,0,0,0.45011,0,0,0,0.01588,0.02109,0,0,0,0,0.04218,0,0,0,0,0,0,0,0,0,0,0,0,0,0,0,0,0,0,0,0,0,0,0,0,0,0,0,0,0,0,0,0,0,0,0,0,0,0,0,0,0,0,0,0,0,0,0,0,0,0,0,0,0,0,0,0,0,0,0,0,0,0,0,0,0,0,0,0,0,0,0,0,0,0,0,0,0,0.0024,0,0,0,0,0,0,0,0,0,0,0,0,1.63532,0,0,0,0,0,0,0,0.18992,2.31959,0,0,0,0,0.38454,0.00056,0.00011,0,0,0.9409,0,0,0,0,0,0,0,0,0,0,0,0,0,0,0,0,0,0,0,0,0,0,0,0,0,0,0,0,0,0,0,0,0,0,0,0,0,0,0,0,0,0,0,0,0,0,0,0,0,0,0,0,0,0,0,0,6.65814,0,0,0.00255,0,0,0,0,0,0,0,0,0.00653,0,0,0,0,0,0,0,0,0,0,0.01139,0,0,0,0,0,0.32851,0.85719,0.01471,0,0,0,0.00308,0,0.21505,0,0.2767,0,0,0,0.00404,0.30627,0.05289,0,0,0,0.25779,0,0,0,0,0,0,0,0,0,0,0,0,0,0,0,0,0,0,0,0,0,0,0,0,0,0,0,0,0,0,0,0,0,0,0,0,0,0,0,0,0,0,0,0,0,0,0,0,0,0,0,0,0,0,0,0,0,0,0,0,0,0,0,0,0,0.00334,0,0,0,0.29604,6.83029,0.00597,0,0,0,0,0,0,0,0,0,0,0,0,0,0,0,0,0,0,0,0,0,0,0,0,0,0,0,0,0,0,0,0,"CRC",588,0.0387596899224806,2
"MMRS18295921ST.27.0.0","VogtmannE_2016",0,0,0,0,0,0,0,0,0,0,0,0,0,0,0,0,0,0,0,0,0,0.01589,0,0,0,0.01843,0,0,0,0,0,0,0,0,0,0,0,0,0,0,0,0,0,0,0.00386,0,0,0.28317,0.08039,0.09043,8.71611,0.01764,0.61749,0.10909,0,0,0,0,0,0,0,0,0,0,0,0,0,0,0.02348,0,0,5e-04,0.01244,0,0,0,0,0.01411,0.00244,0,0,0,0,0.09971,0,0.18352,0.21613,0.18663,0,0,0.23328,0.07592,0.43603,0.21999,0,0.07607,0,0.00039,3.20851,0.08307,0,0.09348,0,0,0,0,0,0,0,0,0,0,0,0,0,0,0,0,0,0,0.59695,0.02218,2.09523,2.67933,0.13249,0,0,1.93633,0,0,0.36594,0,0,0,0,0.15957,0,0.05363,0,0,0,0,0.05645,0.00454,0,0,0,0,0,0,0,0,0,0,0,0,0,0,0,0,0,0.001,0.00052,0,0,0,0,0,0,0,0,0,0,0,0,0,0,0,0,0,0,0,0,0,0,0,0,0,0,0,0,0,0,0,0,0,0,0.02068,0,0,0,0,0,0,0,0,0,0,0,0,0,0.10118,0,0,0,0,0,0,0,0,0,0,0,0,0,0,0,0,0.74207,0,0,0,0,0,0,0,0,0,0.10871,0.12828,0.51786,0,0.27249,0,0,0,0,0,0,0,0,0,0,0,0,0,0,0,0,0,0,0,0.00246,0,0.00236,0.26859,0,0,0,0,0,0,0.64787,0.96036,0,0,0,0,0,0.00034,0,0,0,0,0,0,0,0,0,0,0,0,0,0,0,0,0,0,0,0,0,0,0,0,0,0,0,0,0,0.00135,0,0,0,0,0,0,0,0,0,0,0,0.00062,0,0.13941,0,0.87434,0.99989,0,0,0.22709,4.30423,0.00044,0.00895,0,0.38075,0,0,0,0,9.05736,0.01054,0,0.00528,0,0,0,0,0.0028,0,0,0,0,0,0,0.00175,0.00448,0.00491,0.00433,0,0.00389,0,0.0081,0,0,0,0,0.17566,0,0,0,0,0,0,0,0,0,0,0.00532,0,0,0,0,0,0,0,0,0,0,0,0,0,0,0.1256,0,0,0,0.04734,0,0.0133,0,0,0,0,0,0,0,0,0,0,0,0,0,0,0,0,0,0,0,0,0,0,0,0,0,0,0,0,0,0,0,0,0,0,0,0,0.00177,0,0,0,0,0,0,0,0.00148,0,0,0,0,0,0,0,0,0,0,0,0,0,0,0,0,0,0,0,0,0,0,0,0,0,0,0,0.00499,0,0,0,0,0.00332,0,0,0,0,0,0,0,0,0,0,0,0,1.87942,0,0,0,0.00762,0,0,0,0,0.27891,0,0,0,0.42102,0,0,0.72539,0,0,0.13666,0.57369,0.82617,0.14063,0,0.00191,0.00778,0,0,0.02502,0,0,0,0,0,0,0,0,0,0,0,0,0.00595,0.00226,4.34063,0.21771,0,0,0,0,0.00054,0,0,0,0,0,0,28.69341,0,0,0,0,0,0,0,0,0,0,0,0,0,0,0,0,0,0,0,0,0,0,0,0,0,0,0,0,0,0,0,0.00143,0,0,0,0,0,0,0,0,0,0,0,0,0,0,0,0,0.05257,1.03723,3.18816,0,0,0,0.07375,0,0.00278,0.00096,1.51107,0.01278,0,0,0,1.87632,0.97507,0,0.52149,0,2.28028,0,0,0,0,0,0,0,0,0,0,0,0,0,0,0,0,0,0,0,0,0,0,0.02695,0,0,0,0,0,0,0,0,0,0,0,0,0,0.00179,0,0.01924,0,0.01388,0.00324,0,0,0,0.01528,0,0.00722,0,0,0,0,0.02184,0.00412,0,0.48793,0,0,0,0,0.54019,0.00329,0,0,0,0,0.00239,0,0.03113,0,2.22307,0.00052,0,0,2.81363,0,0,0,0,0,0,0,0,0,0,0,0,0,0,0,0,0.05299,0.08449,0.05473,0,0,0,0.35043,0,0,0,0,0,0,"CRC",604,0.0387596899224806,2
"MMRS44197125ST.27.0.0","VogtmannE_2016",0,0,0,0,0,0,0,0,0,0,0,0,0,0,0,0,0,0,0,0,0,0,0,0,0,0.00465,0,0,0,0,0,0,0,0,0,0,0.06502,0,0,0,0,0,0,0,0.01027,0,0,0.00212,0,0.00598,1.68662,0.00124,1.28301,0,0,0,0,3.47692,0,0,0,0.01491,0,0,0.06858,0.07412,0,0,0.03155,0,0,0.09358,0,0,0,0,0,0,0,0,0,0,0,1.24554,0,24.20662,9.99982,0,0,0,0.202,0.00263,0.00077,0,0,0.79964,0,0.00893,6.84561,0,0,0.00026,0,0,0,0,0,0,0,0,0,0,0,0,0,0,0,0,0,0,0.63825,0.02323,0.0914,1.34765,0.00343,0,0,1.74034,0,0,0,0,0,0,0,0,0,3.73708,0,0,0,0,0.18593,0.02957,0,0.22817,0.0101,0,0,0,0,0,0,0,0,0,0,0,0,0,0,0,0,0,0,0,0,0,0,0,0,0,0,0,0,0,0,0,0,0,0,0,0,0.00436,0,0,0,0,0,0,0,0,0,0,0,0.04941,0,0.03784,0.04392,0,0.23082,0,0,0,0.00072,0,0,0.25921,0,0,0,0.46669,0,0,0,0,0.00527,0,0,0,0,0,0,0,0,0,0.3954,0.05515,0.50082,0,0,0,0,0,0,4.5902,1.62878,0,0,0,0,0,0,0,0,0,0,0,0,0,0,0,0,0,0,0,0,0,0,0,0,0,0,0,0.00305,0.12169,0,0,0,0,0,0,0.01977,6e-04,0.02966,0,0,0,0,0.01442,0,0,0,0.01745,0,0,0,0,0,0,0,0,0,0,0,0,0,0,0,0,0,0,0,0,0,0,0,0,0,0.16493,0.13459,0,0.2246,0.05873,0,0.00489,0,0.01265,0,0,0,0,0,0,0,0.04415,0.27503,0.02185,0,0,0.0249,0,1.02302,0.622,0.16315,0,0,0,0,0.93709,0,0,0.54442,0,0,0,0,0.07261,0,0,0,0,0,0,0,0.30492,0,0,0.01688,0,0,0,0,0,0,0,0,0,0,0,0,0,0,0,0,0.03875,0,0.00036,0,0,0,0,0,0,0,0,0,0,0.10945,0,0,0.03168,0.52773,1.38404,0,0,0.00958,0,0.31169,0,0,0,0,0,0,0,0,0,0,0,0,0,0,0,0,0,0,0,0,0,0,0,0,0,0,0,0,0,0,0,0,0,0,0,0,0.06435,0,0,0,0,0,0,0,0.00276,0,0,0,0,0,0,0,0,0,0,0,0,0,0,0,0,0,0,0,0,0,0,0,0,0,0,0,0,0,0,0,0,0.0039,0,0,0,0,0,0,0,0,0,0,0,0,0.65748,0,0,0,0,0,0,0,0.30788,0.14177,0,0.00044,0,0.52367,0,0,4.71757,0,0,0,0,0,0,0,0,0.13441,0,0,1.92185,0,0,0,0,0,0,0,0,0.04576,0.0667,0.00187,0,0.04026,0,0.47728,1.01921,0,0,0,0,0.05605,0,0,0,0,0,0.02066,0,0,0,0,0,0,0,0,0,0,0,0,0,0,0,0,0,0,0,0,0,0,0,0,0,0,0,0,0,0,0,0,0.04173,0,0,0,0,0,0,0,0,0,0,0,0,0,0,0,0,0.12568,0.13753,0.00743,0,0,0,0,0,0.00385,0.0012,0.00486,0.087,0,0.01095,0.15898,0,0.64929,0,0.48698,0,5.53103,0,0,0,0,0,0.00066,0,0,0,0,0,0,0,0,0,0,0,0,0,0.07252,0,0,0.35555,0,0,0,0,0,0,0,0,0,0,0,0,0,0,0,0.05794,0,0,0,0,0,0,0,0,0,0,0,0,0,0,0.00653,0,0.0033,0,0,0,0,0,0,0,0,0,0,0,0,0.01503,0.79739,7.32933,0,0,0,0,0,0,0,0,0,0,0,0,0,0,0,0,0,0.00754,0,0,0,0,0,0,0,0,0,0,0,0,0,0,0,"CRC",614,0.0387596899224806,2
"MMRS77321055ST.27.0.0","VogtmannE_2016",0,0,0,0,0.02087,0,0,0,0.11542,0,0,0,0,0,0,0,0,0,0,0,0,0,0,0,0,0.00222,0,0,0,0,0,0,0,0,0,0,0.02598,0,0,0,0,0,0,0,0.02402,0,0,0.01774,0,0,6.47437,0.27328,1.26245,0,0,0,0,0,0,0,0,0,0,0,0,0,0,0,0.07329,0,0,0.00652,0.05942,0,0,0,0,0.00297,0,0,0,0,0,0.28303,0,0,0.00233,0,0,0,0.00306,0,0,0.00018,0,5.5517,0,0,0.00116,0,0,0.00039,0,0,0,0,0,0,0,0,0,0,0,0,0,0,13.9594,0,0,0,0.00538,0,0.00306,0.00736,0,0,0,0,0,0,0,0,0,0,0,0,0.0552,0.97252,0,0,0,0,0,0,0,0,0,0,0,0,0,0,0,0,0,0,0,0,0,0.27908,0,0,0.00176,0.00202,0,0,0,0,0,0,0,0,0,0,0,0,0,0,0,0,0,0,0,0,0,0,0,0,0,0,0,0,0,0,0.00811,0.04081,0,0.00072,0.24183,0,0.42176,0,0.0038,0.01588,0,0,0,0.00936,0,0,0.00304,0.05089,0,0,0.00414,0.01044,8e-04,0,0,0,0,0,0,0,0,0,0,0.00856,0,0,0,0,0,0,0,0,0,0.04311,0,0.22652,0.7326,0,0,0,0,0,0,0,0,0,0,0,0,0,0,0,0,0,0,0,0,0,0.00212,0,0,0,0,0,3.82837,0,0,0,0.53433,0.80183,0,0,0,0,0,0.16679,0,0,0,0.54804,0,0,0,0,0,0,0,0,0,0,0,0,0,0,0,0,0,0,0,0,0,0,0,0.00025,0,0.00152,0,0,0.00212,0.00039,0,0.09942,0,0.03468,0,0,0,0.81898,0,0,0,0.79261,0.60433,0,0,0.23585,10.6883,0,0.00102,0.04302,0,0,0,0,0,13.853,0,0,0.05345,0,0,0,0,0.00739,0,0,0,0,0,0,0,0.01136,0.00308,0,0,0.00055,0,0.00563,0,0,0,0,0.12108,0,0,0,0,0,0,0,0,0.03796,0,0.04137,0,0,0,0,0,0,0,0,0,0,0.0879,0.00151,0,0.08265,0.06858,0.02511,0,0,0.36898,0,0.01444,0.27059,0,0,0,0,0,0,0,0,0,0,0,0,0,0,0,0,0,0,0,0,0,0,0,0,0,0,0,0,0,0,0,0,0,0,0,0,0,0,0,0,0,0,0,0.00279,0,0,0,0,0,0,0,0,0,0,0,0,0,0,0,0,0,0,0,0,0,0,0,0,0,0,0,0,0,0,0,0,0,0,0,0,0,0,0,0,0,0,0,0,0,0,0.02675,0,0,0,0,0,0,0.11282,0.39706,0,0,0,3.41873,0,0,7.50211,0,0,0,0,0,0,0,0.08838,0.01166,0,0,0.03209,0,0,0,0,0,0,0,0,0,0,0,0,0.01189,0,0,0.00863,0,0,0,0,0,0,0,0,0,1.2343,0,0.00072,0,0,0,0,0,0,0,0,0,0,0,0,0,0,0,0,0,0,0,0,0,0,0,0,0,0,0,0,0,0,0,0.0063,0,0,0,0,0,0,0,0,0,0,0,0,0,0,0,0,0.10142,2.24891,1.74991,0,0,0,0.0011,0,0,0.00843,8.56881,0,0,0.00277,0.03277,0,0.199,0,0.97099,0,1.7617,0,0,0,0,0,0,0,0,0,0,0,0,0,0,0,0,0,0,0,0,0,0,0.00261,0,0,0,0,0,0,0,0,0,0,0,0,0,0,0,0.03412,0.00266,0,0,0,0,0,0.00804,0,0.0067,0,0,0,0,0.00295,0.00678,0,0.56091,0,0,0,0,0.62936,0.0117,0,0,0,0.02138,0,0,0.00395,0.09347,3.83154,0.00204,0,0,0,0,0,0,0,0,0,0,0,0,0,0,0,0,0,0,0,0.05634,0.08217,0.24532,0,0,0,0.32375,0,0,0,0,0,0,"CRC",634,0.0387596899224806,2
"MMRS86958796ST.27.0.0","VogtmannE_2016",0,0,0,0,0.00487,0,0,0,0.01375,0,0,0,0,0,0,0,0,0,0,0,0,0.00149,0,0,0,0,0,0,0,0,0,0,0,0,0,0,0.10308,0,0,0,0,0,0,0,6.10726,0,0,0.01132,0,2.91781,0.11692,0.00185,0.05029,0.58235,0,0,0,0,0,0,0,0,0,0,0,0,0,0,0.31433,0,0,0.01836,0.07036,0,0,0,0,0.00195,0,0,0,0,0,0.43433,0,0.0578,0.02978,0,0.00232,0,0.15436,0.03085,0.02068,1.13322,0.00059,0.40831,0,0,0.03203,0.01399,0,1.24392,0.03209,0.0193,0,0,0.00222,0,0,0,0,0,0,0,0,0,0,0,0,0,0.5882,1.34987,4.71797,7.55225,0.89131,0,0,4.20109,0,0,4.0398,0,0,0.00706,0,0.00433,0.01457,1.80098,0.21014,0,0,0,0.06912,0.00202,0.00865,0,0,0,0,0,0,0,0,0,0,0,0,0,0,0.42677,0,0,0,0,0,0,0,0,0,0,0,0,0,0,0,0,0,0,0,0,0,0,0,0,0,0,0,0,0,0,0,0,0,0,0,0.00847,0,0.0938,0.02158,0,0.15067,0,0,0.0093,0.08028,0,0,0.02616,0,0,0,0.12957,0,0.00222,0,0,0,0,0,0,0,0,0,0,0,0,0,0.25575,0.02054,0.69668,0,0.28329,0,0,0,0,0,0.00646,0.00419,0.2031,2.86893,0,0,0,0,0,0,0,0,0,0,0,0,0,0,0,0,0,0,0,0,0,0,0,0,0,0,0,0.01932,0,0,0,0.28191,0.2527,0.83716,0,0,0,0,0.00988,0,0,0,0.10486,0,0,0,0,0,0,0,0,0,0,0,0,0,0,0,0,0,0,0,0,0,0,0,0,0,0.00129,0.00022,0,0.00392,0.0085,0,0.11209,0,0,0,0,0,0.04349,0.00262,0,0,0.02555,1.23368,0,0,0.00158,10.0632,0,0.17185,0.03336,2.79577,0,0,0,0,15.03291,0,0,0.68347,0,0,0,0,0.00626,0,0,0,0,0,0,0,0,0,0,0.00508,0,0,0.00359,0.00305,0,0,0,0.07177,0,0,0,0,0,0,0,0,0.07386,0,0.0758,0,0,0,0,0,0.10184,0,0,0,0,0.25078,0.02392,0.01941,0.01726,0.32541,0.03007,0,0,0.1407,0.00199,0.16635,0,0,0,0,0,0,0,0,0,0,0,0,0,0,0,0,0,0,0,0,0,0,0,0,0,0,0,0,0,0,0,0,0,0,0,0,0.00829,0,0,0,0,0,0,0,0.0312,0,0,0,0,0,0,0,0,0,0,0,0,0,0,0,0,0,0,0,0,0,0,0,0,0,0,0,0,0,0.01153,0,0,0.00447,0,0,0,0,0,0,0,0,0,0,0,0,0.12115,0,0,0,0,0,0,0.58828,0,0.86205,0,0,0,0.03929,0.00713,0.00107,0.03695,0,0,1.15816,0.03537,0.03701,0.00565,0,0.00387,0,0,0,0.00285,0,0,0,0,0,0,0,0,0,0,0,0,0,0,0.00123,0,0,0,0,0,0,0,0,0,0,0,0,0.02563,0,0,0,0,0,0,0,0,0,0,0,0,0,0,0,0,0,0,0,0,0,0,0,0,0,0,0,0,0,0,0,0.01185,0,0,0,0,0,0,0,0,0,0,0,0,0,0,0,0,0.42096,2.24298,0.69412,0,0,0,0.01561,0.01301,0.01516,0.00526,1.62765,0.17514,0,0,0.06065,1.62825,0.50089,0,2.03692,0,1.07724,0,0,0,0,0,0,0,0,0,0,0,0,0,0,0,0,0,0,0,0,0,0,0,0,0,0,0,0,0,0,0,0,0,0,0,0,0,0,0.01165,0,6e-04,0,0,0,0,0.00512,0,0.01469,0,0,0,0,0,0.0185,0,1.07125,0,0,0,0,1.76987,0.005,0,0,0,0,0.00194,0,0.01856,0,5.48115,0.00228,0,0,0,0,0,0,0,0,0,0,0,0,0,0,0,0,0,0,0,0.05575,0.01407,0.22133,0,0,0,0.07155,0,0,0,0,0,0,"CRC",643,0.0387596899224806,2
"SID531248","FengQ_2015",0,0,0,0,0,0,0,0,0,0,0,0,0,0,0,0,0,0,0,0,0,0,0,0,0,0.00829,0,0,0,0,0,0,0,0,0,0,0.05982,0,0,0,0,0,0,0,0.64674,0,0,0.03425,0.03738,0.05397,2.52674,0.03811,0.30844,0,0,0,0,0,0,0,0,0.01394,0,0,0.0097,0,0,0,0.01878,0,0,0,0.01174,0,0,0,0,0,0,0,0,0,0,0.16352,0,0.17079,0.00264,0.02971,0,0,0.13447,0,0.41081,0,0,0,0,0.05049,0.35769,0,0,0.08821,0,0.01082,0,0,0,0,0,0,0,0,0,0,0,0,0,0,0,0,0.31225,0.24028,0.32468,0.82851,0.04344,0,0,0.16554,0,0,0.59508,0,0,0.57323,0,0.00941,0.05218,0.1934,0,0,0,0,0.02379,0.00364,0,0,0,0,0,0,0,0,0,0,0,0,0,0,0,0,0,0,7.2174,0,0,0,0,0,0,0,0,0,0,0,0,0,0,0,0,0,0.00089,0,0,0,0,0,0,0,0,0,0,0.0059,0,0.00171,0,0,0,0,0.08988,0,0,0,0,0,0,0,0,0,0,0,0,0,0,0.00589,0,0,0,0,0,0,0,0,0,0,1.04055,0,0,0,0.41684,0,0,0,0,0,0,0,0,0,0.01142,0.28387,0.35616,0.00209,5.11799,0,0,0,0,0,0,0,0,0,0,0,0,0,0,0,0,0,0,0,0,0,0,0,0,0,8.49603,0,0,0,0.24889,0.44762,0,0,0,0,0,0.00012,0,0,0,0,0.00053,0,0,0,0,0,0,0,0,0,0,0,0,0,0,0,0,0,0,0,0,0,0,0,0,0,0,0,0,0,0,0.0031,0,0,0,0,0,0.36977,0,0.00647,0,1.77023,0.37771,0,0,0.07547,3.10531,0,0.02806,0,0.21408,0,0,0,0,5.43125,0,0,0,0,0,0,0,0.03779,0,0,0,0,0,0,0.00113,0.0515,0.00122,0,0,0,0,0.00277,0,0,0,0,0.14755,0,0,0,0,0,0,0,0,0.00603,0,0,0,0,0,0,0,0,0,0,0,0,0.09751,0,0,0.00632,0.06537,0,0,0,0.01453,0,0.00416,0,0,0,0,0,0,0,0,0,0,0,0,0,0,0,0,0,0,0,0,0,0,0,0,0.0065,0,0,0,0,0,0.01999,0,0,0,0,0.01056,0,0,0,0,0,0,0,0,0.02574,0,0,0,0,0,0,0,0,0,0,0,0,0,0,0,0,0,0,0,0,0,0,0,0,0,0,0,0,0,0.0283,0,0,0.00347,0,0,0,0,0,0,0,0,0,0,0.00284,0,0.17624,0,0,0,0.01315,0,0,0,0,0.05344,0,0.0021,0,0.2892,0,0,0.27501,0,0,0,0.0901,0.11999,0.01218,0,0,0.02002,0,0,0.06409,0,0,0,0,0,0,0,0,0,0,0,0,0.03009,0.09424,0,0,0,0,0,0,0,0,0,0,0,0,0,44.66474,0,0,0,0,0.16489,0,0,0,0,0,0,0,0,0,0,0,0,0,0,0,0,0,0,0.00081,0,0,0,0,0,0,0,0.01789,0,0,0,0,0,0,0,0,0,0,0,0,0,0,0,0,0.67475,0.21899,0.12481,0,0,0,0.01241,0,0.0022,0,0.6575,0.01842,0,0,0.05651,0,0.42355,0,0.38467,0,0.35042,0,0,0,0,0,0,0,0,0,0,0.00173,0,0,0,0,0,0,0,0,0,0,0,0.01185,0,0,0,0,0,0,0,0,0,0,0,0,0,0,0.00243,0.03036,0.00505,0.04517,0,0,0,0,0.00329,0,0.01513,0,0,0,0,0.00795,0,0,0.33114,0,0,0,0,1.33458,0.00343,0,0,0,0.01515,0,0,0.0342,0,3.50356,0.0044,0,0,0.01762,0,0,0,0,0,0,0,0,0,0,0,0,0.00272,0.00429,0,0,0.09145,0.01663,0.03559,0,0,0,0.84745,0,0,0,0,0,0,"CRC",685,0.0387596899224806,2
