"Study","AUC","Condition","FeatureCount","StudyPos"
"FengQ_2015",0.887740555951532,"LODOValidation",30,"AUS"
"FengQ_2015",0.911666666666667,"Study2study",40,"AUS"
"FengQ_2015",0.7934375,"Study2study",40,"AUS"
"FengQ_2015",0.873129009265859,"LODOValidation",40,"AUS"
"FengQ_2015",0.65014367816092,"Study2study",50,"AUS"
"FengQ_2015",0.728735207100592,"Study2study",40,"AUS"
"FengQ_2015",0.870456165359943,"LODOValidation",50,"AUS"
"FengQ_2015",0.875267284390591,"LODOValidation",20,"AUS"
"FengQ_2015",0.825283018867924,"Study2study",40,"AUS"
"FengQ_2015",0.832179487179487,"Study2study",20,"AUS"
"FengQ_2015",0.73625,"Study2study",20,"AUS"
"FengQ_2015",0.620689655172414,"Study2study",40,"AUS"
"FengQ_2015",0.731069182389937,"Study2study",20,"AUS"
"FengQ_2015",0.585798816568047,"Study2study",20,"AUS"
"FengQ_2015",0.758928571428572,"Study2study",20,"AUS"
"FengQ_2015",0.630028735632184,"Study2study",20,"AUS"
"FengQ_2015",0.800804206619239,"Study2study",40,"AUS"
"FengQ_2015",0.924615384615385,"Study2study",50,"AUS"
"FengQ_2015",0.8240625,"Study2study",50,"AUS"
"FengQ_2015",0.796875,"Study2study",40,"AUS"
"FengQ_2015",0.806792452830189,"Study2study",50,"AUS"
"FengQ_2015",0.757581360946746,"Study2study",50,"AUS"
"FengQ_2015",0.770647321428571,"Study2study",50,"AUS"
"FengQ_2015",0.868496079828938,"LODOValidation",10,"AUS"
"FengQ_2015",0.710021651716672,"Study2study",20,"AUS"
"FengQ_2015",0.884358974358974,"Study2study",30,"AUS"
"FengQ_2015",0.763125,"Study2study",30,"AUS"
"FengQ_2015",0.738323538509124,"Study2study",30,"AUS"
"FengQ_2015",0.802767295597484,"Study2study",30,"AUS"
"FengQ_2015",0.698779585798816,"Study2study",30,"AUS"
"FengQ_2015",0.810825892857143,"Study2study",30,"AUS"
"FengQ_2015",0.617097701149425,"Study2study",30,"AUS"
"FengQ_2015",0.78796783173523,"Study2study",50,"AUS"
"FengQ_2015",0.844615384615385,"Study2study",10,"AUS"
"FengQ_2015",0.799375,"Study2study",10,"AUS"
"FengQ_2015",0.76987318280235,"Study2study",10,"AUS"
"FengQ_2015",0.790314465408805,"Study2study",10,"AUS"
"FengQ_2015",0.618713017751479,"Study2study",10,"AUS"
"FengQ_2015",0.83984375,"Study2study",10,"AUS"
"FengQ_2015",0.721264367816092,"Study2study",10,"AUS"
"PRJDB4176",0.842564102564103,"Study2study",50,"JAP"
"PRJDB4176",0.81125,"LODOValidation",50,"JAP"
"PRJDB4176",0.673816568047337,"Study2study",40,"JAP"
"PRJDB4176",0.841410256410257,"Study2study",10,"JAP"
"PRJDB4176",0.816153846153846,"Study2study",30,"JAP"
"PRJDB4176",0.765858873841768,"Study2study",40,"JAP"
"PRJDB4176",0.811923076923077,"Study2study",20,"JAP"
"PRJDB4176",0.839230769230769,"Study2study",40,"JAP"
"PRJDB4176",0.721264367816092,"Study2study",40,"JAP"
"PRJDB4176",0.810625,"LODOValidation",30,"JAP"
"PRJDB4176",0.676405325443787,"Study2study",20,"JAP"
"PRJDB4176",0.729166666666667,"Study2study",50,"JAP"
"PRJDB4176",0.76867816091954,"Study2study",20,"JAP"
"PRJDB4176",0.769066286528867,"Study2study",20,"JAP"
"PRJDB4176",0.76171875,"Study2study",30,"JAP"
"PRJDB4176",0.758620689655172,"Study2study",30,"JAP"
"PRJDB4176",0.794084821428572,"Study2study",40,"JAP"
"PRJDB4176",0.806540880503145,"Study2study",50,"JAP"
"PRJDB4176",0.701368343195266,"Study2study",50,"JAP"
"PRJDB4176",0.796875,"Study2study",50,"JAP"
"PRJDB4176",0.7990625,"LODOValidation",20,"JAP"
"PRJDB4176",0.769244476122595,"Study2study",50,"JAP"
"PRJDB4176",0.770647321428572,"Study2study",10,"JAP"
"PRJDB4176",0.757902298850575,"Study2study",10,"JAP"
"PRJDB4176",0.788504464285714,"Study2study",20,"JAP"
"PRJDB4176",0.8053125,"LODOValidation",40,"JAP"
"PRJDB4176",0.69323224852071,"Study2study",30,"JAP"
"PRJDB4176",0.734921125889267,"Study2study",40,"JAP"
"PRJDB4176",0.801635220125786,"Study2study",40,"JAP"
"PRJDB4176",0.749821810406272,"Study2study",30,"JAP"
"PRJDB4176",0.750850603154965,"Study2study",50,"JAP"
"PRJDB4176",0.8303125,"LODOValidation",10,"JAP"
"PRJDB4176",0.822767295597484,"Study2study",20,"JAP"
"PRJDB4176",0.72146613052892,"Study2study",10,"JAP"
"PRJDB4176",0.654770710059171,"Study2study",10,"JAP"
"PRJDB4176",0.759665944942778,"Study2study",20,"JAP"
"PRJDB4176",0.765324305060584,"Study2study",10,"JAP"
"PRJDB4176",0.721002165171667,"Study2study",30,"JAP"
"PRJDB4176",0.798993710691824,"Study2study",30,"JAP"
"PRJDB4176",0.834591194968553,"Study2study",10,"JAP"
"PRJEB27928",0.910384615384616,"LODOValidation",50,"GER"
"PRJEB27928",0.645375811939375,"Study2study",20,"GER"
"PRJEB27928",0.828553459119497,"Study2study",20,"GER"
"PRJEB27928",0.683801775147929,"Study2study",20,"GER"
"PRJEB27928",0.771205357142857,"Study2study",20,"GER"
"PRJEB27928",0.610632183908046,"Study2study",20,"GER"
"PRJEB27928",0.790805416963649,"Study2study",20,"GER"
"PRJEB27928",0.772321428571429,"Study2study",30,"GER"
"PRJEB27928",0.7546875,"Study2study",50,"GER"
"PRJEB27928",0.626198577172904,"Study2study",50,"GER"
"PRJEB27928",0.818364779874214,"Study2study",50,"GER"
"PRJEB27928",0.695821005917159,"Study2study",50,"GER"
"PRJEB27928",0.736049107142857,"Study2study",50,"GER"
"PRJEB27928",0.65014367816092,"Study2study",50,"GER"
"PRJEB27928",0.762116892373485,"Study2study",50,"GER"
"PRJEB27928",0.869419642857143,"Study2study",10,"GER"
"PRJEB27928",0.790625,"Study2study",30,"GER"
"PRJEB27928",0.651871326940921,"Study2study",30,"GER"
"PRJEB27928",0.828050314465408,"Study2study",30,"GER"
"PRJEB27928",0.704881656804733,"Study2study",30,"GER"
"PRJEB27928",0.650479430869161,"Study2study",40,"GER"
"PRJEB27928",0.657327586206897,"Study2study",30,"GER"
"PRJEB27928",0.790092658588738,"Study2study",30,"GER"
"PRJEB27928",0.763392857142857,"Study2study",40,"GER"
"PRJEB27928",0.914871794871795,"LODOValidation",40,"GER"
"PRJEB27928",0.624188060624807,"Study2study",10,"GER"
"PRJEB27928",0.833710691823899,"Study2study",10,"GER"
"PRJEB27928",0.645894970414201,"Study2study",10,"GER"
"PRJEB27928",0.7828125,"Study2study",40,"GER"
"PRJEB27928",0.602729885057471,"Study2study",10,"GER"
"PRJEB27928",0.783856022808268,"Study2study",10,"GER"
"PRJEB27928",0.718380177514793,"Study2study",40,"GER"
"PRJEB27928",0.7890625,"Study2study",20,"GER"
"PRJEB27928",0.909615384615384,"LODOValidation",20,"GER"
"PRJEB27928",0.831823899371069,"Study2study",40,"GER"
"PRJEB27928",0.911410256410256,"LODOValidation",10,"GER"
"PRJEB27928",0.919871794871795,"LODOValidation",30,"GER"
"PRJEB27928",0.66882183908046,"Study2study",40,"GER"
"PRJEB27928",0.785816108339273,"Study2study",40,"GER"
"PRJEB27928",0.8025,"Study2study",10,"GER"
"ThomasAM_2018a",0.711206896551724,"LODOValidation",50,"ITA1"
"ThomasAM_2018a",0.578587278106509,"Study2study",50,"ITA1"
"ThomasAM_2018a",0.699776785714286,"Study2study",50,"ITA1"
"ThomasAM_2018a",0.620897435897436,"Study2study",20,"ITA1"
"ThomasAM_2018a",0.624441964285714,"Study2study",10,"ITA1"
"ThomasAM_2018a",0.583899371069182,"Study2study",20,"ITA1"
"ThomasAM_2018a",0.606026785714286,"Study2study",20,"ITA1"
"ThomasAM_2018a",0.729166666666667,"LODOValidation",40,"ITA1"
"ThomasAM_2018a",0.664940828402367,"Study2study",30,"ITA1"
"ThomasAM_2018a",0.662388392857143,"Study2study",30,"ITA1"
"ThomasAM_2018a",0.631666666666667,"Study2study",50,"ITA1"
"ThomasAM_2018a",0.648298816568047,"Study2study",40,"ITA1"
"ThomasAM_2018a",0.703683035714286,"Study2study",40,"ITA1"
"ThomasAM_2018a",0.582767295597484,"Study2study",50,"ITA1"
"ThomasAM_2018a",0.73132183908046,"LODOValidation",30,"ITA1"
"ThomasAM_2018a",0.687751314568512,"Study2study",10,"ITA1"
"ThomasAM_2018a",0.5559375,"Study2study",20,"ITA1"
"ThomasAM_2018a",0.598206000618621,"Study2study",20,"ITA1"
"ThomasAM_2018a",0.668461538461539,"Study2study",30,"ITA1"
"ThomasAM_2018a",0.630177514792899,"Study2study",20,"ITA1"
"ThomasAM_2018a",0.596195484070523,"Study2study",30,"ITA1"
"ThomasAM_2018a",0.588176100628931,"Study2study",30,"ITA1"
"ThomasAM_2018a",0.764367816091954,"LODOValidation",10,"ITA1"
"ThomasAM_2018a",0.628982369316424,"Study2study",40,"ITA1"
"ThomasAM_2018a",0.58,"Study2study",50,"ITA1"
"ThomasAM_2018a",0.585988246210949,"Study2study",50,"ITA1"
"ThomasAM_2018a",0.59448717948718,"Study2study",10,"ITA1"
"ThomasAM_2018a",0.6125,"Study2study",10,"ITA1"
"ThomasAM_2018a",0.5875,"Study2study",30,"ITA1"
"ThomasAM_2018a",0.584779874213836,"Study2study",10,"ITA1"
"ThomasAM_2018a",0.588942307692308,"Study2study",10,"ITA1"
"ThomasAM_2018a",0.6125,"Study2study",40,"ITA1"
"ThomasAM_2018a",0.743763364219529,"Study2study",40,"ITA1"
"ThomasAM_2018a",0.717569493941554,"Study2study",10,"ITA1"
"ThomasAM_2018a",0.725128205128205,"Study2study",40,"ITA1"
"ThomasAM_2018a",0.737883107626515,"Study2study",50,"ITA1"
"ThomasAM_2018a",0.685673556664291,"Study2study",20,"ITA1"
"ThomasAM_2018a",0.633459119496855,"Study2study",40,"ITA1"
"ThomasAM_2018a",0.761494252873563,"LODOValidation",20,"ITA1"
"ThomasAM_2018a",0.698325017818959,"Study2study",30,"ITA1"
"ThomasAM_2018b",0.76953125,"LODOValidation",50,"ITA2"
"ThomasAM_2018b",0.80859375,"LODOValidation",30,"ITA2"
"ThomasAM_2018b",0.631471893491124,"Study2study",30,"ITA2"
"ThomasAM_2018b",0.805803571428571,"LODOValidation",40,"ITA2"
"ThomasAM_2018b",0.835094339622642,"Study2study",40,"ITA2"
"ThomasAM_2018b",0.854088050314466,"Study2study",50,"ITA2"
"ThomasAM_2018b",0.670118343195266,"Study2study",50,"ITA2"
"ThomasAM_2018b",0.809151785714286,"LODOValidation",10,"ITA2"
"ThomasAM_2018b",0.659208579881657,"Study2study",40,"ITA2"
"ThomasAM_2018b",0.672707100591716,"Study2study",10,"ITA2"
"ThomasAM_2018b",0.789620535714286,"LODOValidation",20,"ITA2"
"ThomasAM_2018b",0.835974842767296,"Study2study",20,"ITA2"
"ThomasAM_2018b",0.648853550295858,"Study2study",20,"ITA2"
"ThomasAM_2018b",0.826037735849057,"Study2study",30,"ITA2"
"ThomasAM_2018b",0.819102564102564,"Study2study",40,"ITA2"
"ThomasAM_2018b",0.8059375,"Study2study",40,"ITA2"
"ThomasAM_2018b",0.826923076923077,"Study2study",50,"ITA2"
"ThomasAM_2018b",0.78875,"Study2study",50,"ITA2"
"ThomasAM_2018b",0.731054747912156,"Study2study",50,"ITA2"
"ThomasAM_2018b",0.805769230769231,"Study2study",10,"ITA2"
"ThomasAM_2018b",0.7740625,"Study2study",10,"ITA2"
"ThomasAM_2018b",0.848553459119497,"Study2study",10,"ITA2"
"ThomasAM_2018b",0.807307692307693,"Study2study",20,"ITA2"
"ThomasAM_2018b",0.7903125,"Study2study",20,"ITA2"
"ThomasAM_2018b",0.785384615384616,"Study2study",30,"ITA2"
"ThomasAM_2018b",0.800625,"Study2study",30,"ITA2"
"ThomasAM_2018b",0.737086297556449,"Study2study",30,"ITA2"
"ThomasAM_2018b",0.688936781609195,"Study2study",20,"ITA2"
"ThomasAM_2018b",0.745723449750535,"Study2study",20,"ITA2"
"ThomasAM_2018b",0.717754407670894,"Study2study",40,"ITA2"
"ThomasAM_2018b",0.71551724137931,"Study2study",30,"ITA2"
"ThomasAM_2018b",0.738595866001425,"Study2study",30,"ITA2"
"ThomasAM_2018b",0.736813970064148,"Study2study",50,"ITA2"
"ThomasAM_2018b",0.756465517241379,"Study2study",40,"ITA2"
"ThomasAM_2018b",0.710949582431178,"Study2study",10,"ITA2"
"ThomasAM_2018b",0.769396551724138,"Study2study",50,"ITA2"
"ThomasAM_2018b",0.728580266006805,"Study2study",20,"ITA2"
"ThomasAM_2018b",0.632902298850575,"Study2study",10,"ITA2"
"ThomasAM_2018b",0.758909479686386,"Study2study",10,"ITA2"
"ThomasAM_2018b",0.715965787598004,"Study2study",40,"ITA2"
"VogtmannE_2016",0.8225,"Study2study",30,"USA"
"VogtmannE_2016",0.7725,"Study2study",10,"USA"
"VogtmannE_2016",0.830691823899371,"Study2study",10,"USA"
"VogtmannE_2016",0.821875,"Study2study",20,"USA"
"VogtmannE_2016",0.68176775147929,"LODOValidation",50,"USA"
"VogtmannE_2016",0.756418187442004,"Study2study",30,"USA"
"VogtmannE_2016",0.84251572327044,"Study2study",30,"USA"
"VogtmannE_2016",0.811875,"Study2study",40,"USA"
"VogtmannE_2016",0.872201257861636,"Study2study",20,"USA"
"VogtmannE_2016",0.855849056603774,"Study2study",40,"USA"
"VogtmannE_2016",0.829375,"Study2study",50,"USA"
"VogtmannE_2016",0.69582100591716,"LODOValidation",30,"USA"
"VogtmannE_2016",0.849811320754717,"Study2study",50,"USA"
"VogtmannE_2016",0.742499226724404,"Study2study",10,"USA"
"VogtmannE_2016",0.76719674556213,"LODOValidation",40,"USA"
"VogtmannE_2016",0.834102564102564,"Study2study",20,"USA"
"VogtmannE_2016",0.766161459944323,"Study2study",20,"USA"
"VogtmannE_2016",0.881410256410257,"Study2study",30,"USA"
"VogtmannE_2016",0.649425287356322,"Study2study",10,"USA"
"VogtmannE_2016",0.889615384615385,"Study2study",40,"USA"
"VogtmannE_2016",0.75832100591716,"LODOValidation",10,"USA"
"VogtmannE_2016",0.762604392205382,"Study2study",40,"USA"
"VogtmannE_2016",0.901794871794872,"Study2study",50,"USA"
"VogtmannE_2016",0.757211538461538,"LODOValidation",20,"USA"
"VogtmannE_2016",0.736158366841942,"Study2study",50,"USA"
"VogtmannE_2016",0.764230769230769,"Study2study",10,"USA"
"VogtmannE_2016",0.751436781609195,"Study2study",40,"USA"
"VogtmannE_2016",0.763950892857143,"Study2study",50,"USA"
"VogtmannE_2016",0.78448275862069,"Study2study",50,"USA"
"VogtmannE_2016",0.794903777619387,"Study2study",50,"USA"
"VogtmannE_2016",0.803013392857143,"Study2study",10,"USA"
"VogtmannE_2016",0.791294642857143,"Study2study",30,"USA"
"VogtmannE_2016",0.787419814682822,"Study2study",10,"USA"
"VogtmannE_2016",0.805803571428572,"Study2study",20,"USA"
"VogtmannE_2016",0.703304597701149,"Study2study",20,"USA"
"VogtmannE_2016",0.788074712643678,"Study2study",30,"USA"
"VogtmannE_2016",0.79312188168211,"Study2study",30,"USA"
"VogtmannE_2016",0.779017857142857,"Study2study",40,"USA"
"VogtmannE_2016",0.786707056307911,"Study2study",40,"USA"
"VogtmannE_2016",0.836065573770491,"Study2study",20,"USA"
"YuJ_2015",0.933076923076923,"Study2study",10,"CHI"
"YuJ_2015",0.913974358974359,"Study2study",40,"CHI"
"YuJ_2015",0.803742653881844,"Study2study",40,"CHI"
"YuJ_2015",0.918461538461538,"Study2study",50,"CHI"
"YuJ_2015",0.77,"Study2study",50,"CHI"
"YuJ_2015",0.7984375,"Study2study",10,"CHI"
"YuJ_2015",0.757036807918342,"Study2study",10,"CHI"
"YuJ_2015",0.93474358974359,"Study2study",20,"CHI"
"YuJ_2015",0.798175069594804,"Study2study",50,"CHI"
"YuJ_2015",0.79075162387875,"Study2study",20,"CHI"
"YuJ_2015",0.936666666666667,"Study2study",30,"CHI"
"YuJ_2015",0.756875,"Study2study",30,"CHI"
"YuJ_2015",0.780235075781008,"Study2study",30,"CHI"
"YuJ_2015",0.7728125,"Study2study",40,"CHI"
"YuJ_2015",0.838616352201258,"LODOValidation",40,"CHI"
"YuJ_2015",0.805245535714286,"Study2study",30,"CHI"
"YuJ_2015",0.875345911949686,"LODOValidation",50,"CHI"
"YuJ_2015",0.808980755523877,"Study2study",30,"CHI"
"YuJ_2015",0.768415178571428,"Study2study",40,"CHI"
"YuJ_2015",0.782965074839629,"Study2study",40,"CHI"
"YuJ_2015",0.881761006289308,"LODOValidation",10,"CHI"
"YuJ_2015",0.77,"Study2study",20,"CHI"
"YuJ_2015",0.792409123307199,"Study2study",50,"CHI"
"YuJ_2015",0.816964285714286,"Study2study",10,"CHI"
"YuJ_2015",0.856603773584906,"LODOValidation",30,"CHI"
"YuJ_2015",0.849607982893799,"Study2study",10,"CHI"
"YuJ_2015",0.770089285714286,"Study2study",20,"CHI"
"YuJ_2015",0.750554733727811,"Study2study",30,"CHI"
"YuJ_2015",0.835887384176764,"Study2study",20,"CHI"
"YuJ_2015",0.688936781609195,"Study2study",30,"CHI"
"YuJ_2015",0.736316568047337,"Study2study",40,"CHI"
"YuJ_2015",0.731508875739645,"Study2study",10,"CHI"
"YuJ_2015",0.664511494252874,"Study2study",40,"CHI"
"YuJ_2015",0.753698224852071,"Study2study",50,"CHI"
"YuJ_2015",0.75390625,"Study2study",50,"CHI"
"YuJ_2015",0.872578616352201,"LODOValidation",20,"CHI"
"YuJ_2015",0.671695402298851,"Study2study",10,"CHI"
"YuJ_2015",0.74741124260355,"Study2study",20,"CHI"
"YuJ_2015",0.69683908045977,"Study2study",20,"CHI"
"YuJ_2015",0.65301724137931,"Study2study",50,"CHI"
"ZellerG_2014",0.775769230769231,"Study2study",40,"FRA"
"ZellerG_2014",0.763974358974359,"Study2study",20,"FRA"
"ZellerG_2014",0.6740625,"Study2study",20,"FRA"
"ZellerG_2014",0.780544386019177,"LODOValidation",50,"FRA"
"ZellerG_2014",0.7375,"Study2study",30,"FRA"
"ZellerG_2014",0.697544642857143,"Study2study",20,"FRA"
"ZellerG_2014",0.77,"Study2study",40,"FRA"
"ZellerG_2014",0.861410256410256,"Study2study",30,"FRA"
"ZellerG_2014",0.766282051282052,"Study2study",50,"FRA"
"ZellerG_2014",0.7575,"Study2study",50,"FRA"
"ZellerG_2014",0.717075892857143,"Study2study",40,"FRA"
"ZellerG_2014",0.775,"Study2study",10,"FRA"
"ZellerG_2014",0.76,"Study2study",10,"FRA"
"ZellerG_2014",0.71875,"Study2study",50,"FRA"
"ZellerG_2014",0.701149425287356,"Study2study",50,"FRA"
"ZellerG_2014",0.825908766928011,"Study2study",50,"FRA"
"ZellerG_2014",0.591235632183908,"Study2study",10,"FRA"
"ZellerG_2014",0.797576621525303,"Study2study",10,"FRA"
"ZellerG_2014",0.661057692307692,"Study2study",20,"FRA"
"ZellerG_2014",0.663074712643678,"Study2study",20,"FRA"
"ZellerG_2014",0.782608695652174,"Study2study",20,"FRA"
"ZellerG_2014",0.724330357142857,"Study2study",30,"FRA"
"ZellerG_2014",0.719827586206897,"Study2study",30,"FRA"
"ZellerG_2014",0.836600142551675,"Study2study",30,"FRA"
"ZellerG_2014",0.686781609195402,"Study2study",40,"FRA"
"ZellerG_2014",0.831610833927298,"Study2study",40,"FRA"
"ZellerG_2014",0.669193786982249,"Study2study",50,"FRA"
"ZellerG_2014",0.785911949685535,"Study2study",10,"FRA"
"ZellerG_2014",0.655140532544379,"Study2study",10,"FRA"
"ZellerG_2014",0.794084821428571,"Study2study",10,"FRA"
"ZellerG_2014",0.815345911949686,"Study2study",20,"FRA"
"ZellerG_2014",0.861886792452831,"Study2study",40,"FRA"
"ZellerG_2014",0.798020414475719,"LODOValidation",10,"FRA"
"ZellerG_2014",0.859748427672956,"Study2study",30,"FRA"
"ZellerG_2014",0.673261834319527,"Study2study",30,"FRA"
"ZellerG_2014",0.647189349112426,"Study2study",40,"FRA"
"ZellerG_2014",0.771265078874111,"LODOValidation",30,"FRA"
"ZellerG_2014",0.868301886792453,"Study2study",50,"FRA"
"ZellerG_2014",0.780544386019177,"LODOValidation",40,"FRA"
"ZellerG_2014",0.774358181255799,"LODOValidation",20,"FRA"
